QUERY;IMG;IMG URL;REFERENCE;CULTURAL AREA
5G;;https://ih1.redbubble.net/image.831044322.5788/st,small,507x507-pad,600x600,f8f8f8.u2.jpg;Huawei logo;NONE
5G;;https://ih1.redbubble.net/image.533258314.5727/st,small,507x507-pad,600x600,f8f8f8.u7.jpg;Inglorious Basterds;Entertainment
5G;;https://ih1.redbubble.net/image.1261746729.8878/st,small,507x507-pad,600x600,f8f8f8.jpg;1984;Entertainment
5G;;https://ih1.redbubble.net/image.268051449.1923/st,small,507x507-pad,600x600,f8f8f8.u4.jpg;M18 Claymore Mine;History & Events
5G;;https://ih1.redbubble.net/image.119281841.9469/st,small,507x507-pad,600x600,f8f8f8.jpg;M18 Claymore Mine;History & Events
5G;;https://ih1.redbubble.net/image.118844450.0069/st,small,507x507-pad,600x600,f8f8f8.jpg;5 G's meme;NONE
5G;;https://ih1.redbubble.net/image.1160979472.6812/st,small,507x507-pad,600x600,f8f8f8.jpg;"""Baka"" rabbit slap meme";NONE
5G;;https://ih1.redbubble.net/image.793026708.5137/st,small,507x507-pad,600x600,f8f8f8.u4.jpg;NONE;NONE
5G;;https://ih1.redbubble.net/image.1128706930.2647/st,small,507x507-pad,600x600,f8f8f8.jpg;NONE;NONE
5G;;https://ih1.redbubble.net/image.1130855097.1039/st,small,507x507-pad,600x600,f8f8f8.u4.jpg;NONE;NONE
5G;;https://ih1.redbubble.net/image.859378708.7572/st,small,507x507-pad,600x600,f8f8f8.u5.jpg;NONE;NONE
5G;;https://ih1.redbubble.net/image.726118079.0241/st,small,507x507-pad,600x600,f8f8f8.u3.jpg;NONE;NONE
5G;;https://ih1.redbubble.net/image.763015504.3629/st,small,507x507-pad,600x600,f8f8f8.jpg;NONE;NONE
5G;;https://ih1.redbubble.net/image.774487809.8003/st,small,507x507-pad,600x600,f8f8f8.u2.jpg;NONE;NONE
5G;;https://ih1.redbubble.net/image.1340514436.3584/st,small,507x507-pad,600x600,f8f8f8.jpg;NONE;NONE
5G;;https://ih1.redbubble.net/image.1167251330.6357/st,small,507x507-pad,600x600,f8f8f8.jpg;NONE;NONE
5G;;https://ih1.redbubble.net/image.1105916136.9929/st,small,507x507-pad,600x600,f8f8f8.jpg;NONE;NONE
5G;;https://ih1.redbubble.net/image.1498558922.3513/st,small,507x507-pad,600x600,f8f8f8.jpg;NONE;NONE
5G;;https://ih1.redbubble.net/image.769667186.1003/st,small,507x507-pad,600x600,f8f8f8.u1.jpg;NONE;NONE
5G;;https://ih1.redbubble.net/image.469510957.5741/tst,small,507x507-pad,600x600,f8f8f8.u1.jpg;NONE;NONE
5G;;https://ih1.redbubble.net/image.817995500.8921/st,small,507x507-pad,600x600,f8f8f8.jpg;NONE;NONE
5G;;https://ih1.redbubble.net/image.871504742.8534/st,small,507x507-pad,600x600,f8f8f8.u2.jpg;NONE;NONE
5G;;https://ih1.redbubble.net/image.1179159747.1029/st,small,507x507-pad,600x600,f8f8f8.jpg;NONE;NONE
5G;;https://ih1.redbubble.net/image.1320274428.2287/st,small,507x507-pad,600x600,f8f8f8.jpg;NONE;NONE
5G;;https://ih1.redbubble.net/image.1142047835.2311/st,small,507x507-pad,600x600,f8f8f8.jpg;NONE;NONE
5G;;https://ih1.redbubble.net/image.751397192.2908/st,small,507x507-pad,600x600,f8f8f8.u1.jpg;NONE;NONE
5G;;https://ih1.redbubble.net/image.1185126751.9669/st,small,507x507-pad,600x600,f8f8f8.u2.jpg;NONE;NONE
5G;;https://ih1.redbubble.net/image.1134262285.5201/st,small,507x507-pad,600x600,f8f8f8.jpg;NONE;NONE
5G;;https://ih1.redbubble.net/image.769661992.0856/st,small,507x507-pad,600x600,f8f8f8.u6.jpg;NONE;NONE
5G;;https://ih1.redbubble.net/image.1140141005.6157/st,small,507x507-pad,600x600,f8f8f8.jpg;NONE;NONE
5G;;https://ih1.redbubble.net/image.1231277009.2889/st,small,507x507-pad,600x600,f8f8f8.jpg;NONE;NONE
5G;;https://ih1.redbubble.net/image.1171548085.2627/st,small,507x507-pad,600x600,f8f8f8.jpg;NONE;NONE
5G;;https://ih1.redbubble.net/image.812180023.1697/st,small,507x507-pad,600x600,f8f8f8.u1.jpg;NONE;NONE
5G;;https://ih1.redbubble.net/image.1146500359.9284/st,small,507x507-pad,600x600,f8f8f8.jpg;NONE;NONE
5G;;https://ih1.redbubble.net/image.1231336411.8610/st,small,507x507-pad,600x600,f8f8f8.jpg;NONE;NONE
5G;;https://ih1.redbubble.net/image.1688860165.6153/st,small,507x507-pad,600x600,f8f8f8.jpg;NONE;NONE
5G;;https://ih1.redbubble.net/image.1021655639.8142/st,small,507x507-pad,600x600,f8f8f8.jpg;NONE;NONE
5G;;https://ih1.redbubble.net/image.1140135155.6022/st,small,507x507-pad,600x600,f8f8f8.jpg;NONE;NONE
5G;;https://ih1.redbubble.net/image.1140130177.5904/st,small,507x507-pad,600x600,f8f8f8.jpg;NONE;NONE
5G;;https://ih1.redbubble.net/image.812199068.2252/st,small,507x507-pad,600x600,f8f8f8.u1.jpg;NONE;NONE
5G;;https://ih1.redbubble.net/image.472205569.9109/st,small,507x507-pad,600x600,f8f8f8.u6.jpg;NONE;NONE
5G;;https://ih1.redbubble.net/image.436419721.9152/st,small,507x507-pad,600x600,f8f8f8.u6.jpg;NONE;NONE
5G;;https://ih1.redbubble.net/image.1539312285.4510/st,small,507x507-pad,600x600,f8f8f8.jpg;NONE;NONE
5G;;https://ih1.redbubble.net/image.1061736259.4719/st,small,507x507-pad,600x600,f8f8f8.jpg;NONE;NONE
5G;;https://ih1.redbubble.net/image.1086690409.6676/st,small,507x507-pad,600x600,f8f8f8.jpg;NONE;NONE
5G;;https://ih1.redbubble.net/image.1145019150.3590/st,small,507x507-pad,600x600,f8f8f8.jpg;NONE;NONE
5G;;https://ih1.redbubble.net/image.1222692926.2484/st,small,507x507-pad,600x600,f8f8f8.jpg;NONE;NONE
5G;;https://ih1.redbubble.net/image.609359465.0484/st,small,507x507-pad,600x600,f8f8f8.jpg;NONE;NONE
5G;;https://ih1.redbubble.net/image.738764257.4791/st,small,507x507-pad,600x600,f8f8f8.u3.jpg;NONE;NONE
5G;;https://ih1.redbubble.net/image.1127439055.3374/st,small,507x507-pad,600x600,f8f8f8.jpg;NONE;NONE
area51;;https://ih1.redbubble.net/image.830805425.9474/st,small,507x507-pad,600x600,f8f8f8.u4.jpg;Starbucks logo;NONE
area51;;https://ih1.redbubble.net/image.948152664.5535/st,small,507x507-pad,600x600,f8f8f8.jpg;NASA logo;Government and Politics
area51;;https://ih1.redbubble.net/image.1303804523.8369/st,small,507x507-pad,600x600,f8f8f8.jpg;NASA logo;Government and Politics
area51;;https://ih1.redbubble.net/image.676937108.7376/st,small,507x507-pad,600x600,f8f8f8.u1.jpg;Janet Airlines logo;NONE
area51;;https://ih1.redbubble.net/image.1074554675.8415/st,small,507x507-pad,600x600,f8f8f8.jpg;Project Blue Book;History & Events
area51;;https://ih1.redbubble.net/image.612618124.1716/st,small,507x507-pad,600x600,f8f8f8.u1.jpg;Bob lazar;History & Events
area51;;https://ih1.redbubble.net/image.282086514.2559/st,small,507x507-pad,600x600,f8f8f8.jpg;New mexico flag;Government and Politics
area51;;https://ih1.redbubble.net/image.318858665.8254/st,small,507x507-pad,600x600,f8f8f8.u3.jpg;NONE;NONE
area51;;https://ih1.redbubble.net/image.204092745.3094/st,small,507x507-pad,600x600,f8f8f8.jpg;lockness;NONE
area51;;https://ih1.redbubble.net/image.297462988.0559/st,small,507x507-pad,600x600,f8f8f8.u1.jpg;UFOs;Cult and Beliefs
area51;;https://ih1.redbubble.net/image.147661533.3680/st,small,507x507-pad,600x600,f8f8f8.jpg;Aliens;Cult and Beliefs
area51;;https://ih1.redbubble.net/image.272892810.5819/st,small,507x507-pad,600x600,f8f8f8.u4.jpg;Aliens;Cult and Beliefs
area51;;https://ih1.redbubble.net/image.1211444381.9941/st,small,507x507-pad,600x600,f8f8f8.u1.jpg;"""He went that way"" meme";NONE
area51;;https://ih1.redbubble.net/image.736077470.5713/st,small,507x507-pad,600x600,f8f8f8.u2.jpg;NONE;NONE
area51;;https://ih1.redbubble.net/image.759386059.7817/st,small,507x507-pad,600x600,f8f8f8.u4.jpg;UFOs;Cult and Beliefs
area51;;https://ih1.redbubble.net/image.878795978.5909/st,small,507x507-pad,600x600,f8f8f8.u1.jpg;NONE;NONE
area51;;https://ih1.redbubble.net/image.869074658.0645/st,small,507x507-pad,600x600,f8f8f8.jpg;Aliens;Cult and Beliefs
area51;;https://ih1.redbubble.net/image.866036954.9178/st,small,507x507-pad,600x600,f8f8f8.jpg;UFOs;Cult and Beliefs
area51;;https://ih1.redbubble.net/image.869831460.8291/st,small,507x507-pad,600x600,f8f8f8.u1.jpg;NONE;NONE
area51;;https://ih1.redbubble.net/image.263329721.2233/st,small,507x507-pad,600x600,f8f8f8.u4.jpg;Aliens;Cult and Beliefs
area51;;https://ih1.redbubble.net/image.465917562.9896/st,small,507x507-pad,600x600,f8f8f8.u3.jpg;UFOs;Cult and Beliefs
area51;;https://ih1.redbubble.net/image.421042010.9174/st,small,507x507-pad,600x600,f8f8f8.u4.jpg;NONE;NONE
area51;;https://ih1.redbubble.net/image.365909366.4815/st,small,507x507-pad,600x600,f8f8f8.jpg;NONE;NONE
area51;;https://ih1.redbubble.net/image.867710695.8353/st,small,507x507-pad,600x600,f8f8f8.u1.jpg;UFOs;Cult and Beliefs
area51;;https://ih1.redbubble.net/image.863669651.4838/st,small,507x507-pad,600x600,f8f8f8.u2.jpg;UFOs;Cult and Beliefs
area51;;https://ih1.redbubble.net/image.146090389.2121/st,small,507x507-pad,600x600,f8f8f8.u3.jpg;NONE;NONE
area51;;https://ih1.redbubble.net/image.776962237.5329/st,small,507x507-pad,600x600,f8f8f8.u2.jpg;NONE;NONE
area51;;https://ih1.redbubble.net/image.536410229.5434/st,small,507x507-pad,600x600,f8f8f8.u4.jpg;UFOs;Cult and Beliefs
area51;;https://ih1.redbubble.net/image.1280819620.1851/st,small,507x507-pad,600x600,f8f8f8.u2.jpg;Aliens;Cult and Beliefs
area51;;https://ih1.redbubble.net/image.864509029.3376/st,small,507x507-pad,600x600,f8f8f8.u1.jpg;Aliens;Cult and Beliefs
area51;;https://ih1.redbubble.net/image.245319933.8024/st,small,507x507-pad,600x600,f8f8f8.u3.jpg;NONE;NONE
area51;;https://ih1.redbubble.net/image.603372913.3045/st,small,507x507-pad,600x600,f8f8f8.u4.jpg;Aliens;Cult and Beliefs
area51;;https://ih1.redbubble.net/image.513225432.6291/st,small,507x507-pad,600x600,f8f8f8.u3.jpg;UFOs;Cult and Beliefs
area51;;https://ih1.redbubble.net/image.323136519.3647/st,small,507x507-pad,600x600,f8f8f8.jpg;NONE;NONE
area51;;https://ih1.redbubble.net/image.147655932.3387/st,small,507x507-pad,600x600,f8f8f8.u2.jpg;Aliens;Cult and Beliefs
area51;;https://ih1.redbubble.net/image.865682356.3617/st,small,507x507-pad,600x600,f8f8f8.u3.jpg;UFOs;Cult and Beliefs
area51;;https://ih1.redbubble.net/image.864931521.3482/st,small,507x507-pad,600x600,f8f8f8.u3.jpg;NONE;NONE
area51;;https://ih1.redbubble.net/image.325967594.6524/st,small,507x507-pad,600x600,f8f8f8.u1.jpg;NONE;NONE
area51;;https://ih1.redbubble.net/image.270831649.5758/st,small,507x507-pad,600x600,f8f8f8.u1.jpg;Nevada Touristic Poster;NONE
area51;;https://ih1.redbubble.net/image.864687559.7706/st,small,507x507-pad,600x600,f8f8f8.u2.jpg;NONE;NONE
area51;;https://ih1.redbubble.net/image.326722537.8609/st,small,507x507-pad,600x600,f8f8f8.u4.jpg;NONE;NONE
area51;;https://ih1.redbubble.net/image.118054446.5814/st,small,507x507-pad,600x600,f8f8f8.u2.jpg;NONE;NONE
area51;;https://ih1.redbubble.net/image.873207925.9400/st,small,507x507-pad,600x600,f8f8f8.jpg;UFOs;Cult and Beliefs
area51;;https://ih1.redbubble.net/image.229662924.4586/st,small,507x507-pad,600x600,f8f8f8.u3.jpg;Aliens;Cult and Beliefs
area51;;https://ih1.redbubble.net/image.867822715.0868/st,small,507x507-pad,600x600,f8f8f8.u3.jpg;Emojis;NONE
area51;;https://ih1.redbubble.net/image.353261814.6693/st,small,507x507-pad,600x600,f8f8f8.u1.jpg;UFOs;Cult and Beliefs
area51;;https://ih1.redbubble.net/image.864507127.3335/st,small,507x507-pad,600x600,f8f8f8.u8.jpg;Aliens;Cult and Beliefs
area51;;https://ih1.redbubble.net/image.869081201.0803/st,small,507x507-pad,600x600,f8f8f8.u2.jpg;Aliens;Cult and Beliefs
area51;;https://ih1.redbubble.net/image.836400435.3588/st,small,507x507-pad,600x600,f8f8f8.u1.jpg;UFOs;Cult and Beliefs
area51;;https://ih1.redbubble.net/image.864690334.7766/st,small,507x507-pad,600x600,f8f8f8.u3.jpg;NONE;NONE
flat earth;;https://ih1.redbubble.net/image.1045564429.3014/st,small,507x507-pad,600x600,f8f8f8.jpg;US Air Force;Government and Politics
flat earth;;https://ih1.redbubble.net/image.398785305.3822/st,small,507x507-pad,600x600,f8f8f8.jpg;UN logo;NONE
flat earth;;https://ih1.redbubble.net/image.412247764.4673/st,small,507x507-pad,600x600,f8f8f8.u6.jpg;Supreme logo;NONE
flat earth;;https://ih1.redbubble.net/image.315375145.5883/st,small,507x507-pad,600x600,f8f8f8.jpg;NASA logo;Government and Politics
flat earth;;https://ih1.redbubble.net/image.421684388.7224/st,small,507x507-pad,600x600,f8f8f8.jpg;NASA logo;Government and Politics
flat earth;;https://ih1.redbubble.net/image.911934634.3857/st,small,507x507-pad,600x600,f8f8f8.jpg;NASA logo;Government and Politics
flat earth;;https://ih1.redbubble.net/image.360600509.0550/st,small,507x507-pad,600x600,f8f8f8.jpg;NASA - ARES logo;Government and Politics
flat earth;;https://ih1.redbubble.net/image.379702451.8877/st,small,507x507-pad,600x600,f8f8f8.u7.jpg;MAGA;Government and Politics
flat earth;;https://ih1.redbubble.net/image.433459386.9634/st,small,507x507-pad,600x600,f8f8f8.u2.jpg;Converse logo;NONE
flat earth;;https://ih1.redbubble.net/image.636913048.4302/st,small,507x507-pad,600x600,f8f8f8.u1.jpg;The Truman Show;Entertainment
flat earth;;https://ih1.redbubble.net/image.222981415.3303/st,small,507x507-pad,600x600,f8f8f8.u5.jpg;The Matrix;Entertainment
flat earth;;https://ih1.redbubble.net/image.393444924.3974/st,small,507x507-pad,600x600,f8f8f8.u2.jpg;Straight Outta Compton;Entertainment
flat earth;;https://ih1.redbubble.net/image.265108133.0108/st,small,507x507-pad,600x600,f8f8f8.u2.jpg;Disney;Entertainment
flat earth;;https://ih1.redbubble.net/image.332325464.4314/st,small,507x507-pad,600x600,f8f8f8.u2.jpg;Dante;Entertainment
flat earth;;https://ih1.redbubble.net/image.500696542.5102/st,small,507x507-pad,600x600,f8f8f8.jpg;Moon Landing;History & Events
flat earth;;https://ih1.redbubble.net/image.315390423.6324/st,small,507x507-pad,600x600,f8f8f8.u2.jpg;Moon Landing;History & Events
flat earth;;https://ih1.redbubble.net/image.406150860.1257/st,small,507x507-pad,600x600,f8f8f8.u2.jpg;Moon Landing;History & Events
flat earth;;https://ih1.redbubble.net/image.313980523.5331/st,small,507x507-pad,600x600,f8f8f8.u2.jpg;Yin Yang;Cult and Beliefs
flat earth;;https://ih1.redbubble.net/image.365397384.1524/st,small,507x507-pad,600x600,f8f8f8.jpg;The Bible;Cult and Beliefs
flat earth;;https://ih1.redbubble.net/image.414028260.4599/st,small,507x507-pad,600x600,f8f8f8.u1.jpg;The Bible;Cult and Beliefs
flat earth;;https://ih1.redbubble.net/image.357563168.5322/st,small,507x507-pad,600x600,f8f8f8.u3.jpg;Kyrie Irving;Entertainment
flat earth;;https://ih1.redbubble.net/image.483298557.7019/st,small,507x507-pad,600x600,f8f8f8.u3.jpg;Kyrie Irving;Entertainment
flat earth;;https://ih1.redbubble.net/image.412170719.2516/st,small,507x507-pad,600x600,f8f8f8.u2.jpg;Eddie Bravo;NONE
flat earth;;https://ih1.redbubble.net/image.405765670.0646/st,small,507x507-pad,600x600,f8f8f8.u4.jpg;Colorado Rockies;NONE
flat earth;;https://ih1.redbubble.net/image.938262928.1054/st,small,507x507-pad,600x600,f8f8f8.jpg;"""Technically, alcohol is a solution"" meme";NONE
flat earth;;https://ih1.redbubble.net/image.360676827.2480/st,small,507x507-pad,600x600,f8f8f8.u2.jpg;NONE;NONE
flat earth;;https://ih1.redbubble.net/image.840288868.5342/st,small,507x507-pad,600x600,f8f8f8.u4.jpg;NONE;NONE
flat earth;;https://ih1.redbubble.net/image.519833043.2019/st,small,507x507-pad,600x600,f8f8f8.u3.jpg;NONE;NONE
flat earth;;https://ih1.redbubble.net/image.402289304.2832/st,small,507x507-pad,600x600,f8f8f8.u2.jpg;NONE;NONE
flat earth;;https://ih1.redbubble.net/image.519833887.2041/st,small,507x507-pad,600x600,f8f8f8.u2.jpg;NONE;NONE
flat earth;;https://ih1.redbubble.net/image.332648998.3781/st,small,507x507-pad,600x600,f8f8f8.u2.jpg;NONE;NONE
flat earth;;https://ih1.redbubble.net/image.507804720.4659/st,small,507x507-pad,600x600,f8f8f8.u2.jpg;NONE;NONE
flat earth;;https://ih1.redbubble.net/image.405008222.9500/st,small,507x507-pad,600x600,f8f8f8.u2.jpg;NONE;NONE
flat earth;;https://ih1.redbubble.net/image.740999836.1782/st,small,507x507-pad,600x600,f8f8f8.u3.jpg;NONE;NONE
flat earth;;https://ih1.redbubble.net/image.643493166.2259/st,small,507x507-pad,600x600,f8f8f8.u2.jpg;NONE;NONE
flat earth;;https://ih1.redbubble.net/image.412430573.9983/st,small,507x507-pad,600x600,f8f8f8.u2.jpg;NONE;NONE
flat earth;;https://ih1.redbubble.net/image.393443350.3899/st,small,507x507-pad,600x600,f8f8f8.jpg;NONE;NONE
flat earth;;https://ih1.redbubble.net/image.428863955.7736/st,small,507x507-pad,600x600,f8f8f8.u10.jpg;NONE;NONE
flat earth;;https://ih1.redbubble.net/image.412628090.5447/st,small,507x507-pad,600x600,f8f8f8.u3.jpg;NONE;NONE
flat earth;;https://ih1.redbubble.net/image.174539128.7051/st,small,507x507-pad,600x600,f8f8f8.u4.jpg;NONE;NONE
flat earth;;https://ih1.redbubble.net/image.333079040.6400/st,small,507x507-pad,600x600,f8f8f8.u2.jpg;NONE;NONE
flat earth;;https://ih1.redbubble.net/image.692917708.9075/st,small,507x507-pad,600x600,f8f8f8.jpg;NONE;NONE
flat earth;;https://ih1.redbubble.net/image.387052322.4493/st,small,507x507-pad,600x600,f8f8f8.jpg;NONE;NONE
flat earth;;https://ih1.redbubble.net/image.549374100.5395/st,small,507x507-pad,600x600,f8f8f8.u8.jpg;NONE;NONE
flat earth;;https://www.redbubble.com/boom/client/13560495740213f434dea5756e8543bc.svg;NONE;NONE
flat earth;;https://ih1.redbubble.net/image.1229977417.3520/st,small,507x507-pad,600x600,f8f8f8.u3.jpg;NONE;NONE
flat earth;;https://ih1.redbubble.net/image.410812833.4223/st,small,507x507-pad,600x600,f8f8f8.u1.jpg;NONE;NONE
flat earth;;https://ih1.redbubble.net/image.118587197.5010/st,small,507x507-pad,600x600,f8f8f8.jpg;NONE;NONE
flat earth;;https://ih1.redbubble.net/image.423127836.6921/st,small,507x507-pad,600x600,f8f8f8.u3.jpg;NONE;NONE
flat earth;;https://ih1.redbubble.net/image.200869854.6824/st,small,507x507-pad,600x600,f8f8f8.u2.jpg;NONE;NONE
mk ultra;;https://ih1.redbubble.net/image.749090149.5644/st,small,507x507-pad,600x600,f8f8f8.jpg;Supreme logo;NONE
mk ultra;;https://ih1.redbubble.net/image.237366242.0780/st,small,507x507-pad,600x600,f8f8f8.jpg;Polybius logo;Entertainment
mk ultra;;https://ih1.redbubble.net/image.759001511.6662/st,small,507x507-pad,600x600,f8f8f8.u3.jpg;MTV logo;Entertainment
mk ultra;;https://ih1.redbubble.net/image.782260452.6341/st,small,507x507-pad,600x600,f8f8f8.jpg;Communist Party;Government and Politics
mk ultra;;https://ih1.redbubble.net/image.782391816.8644/st,small,507x507-pad,600x600,f8f8f8.u1.jpg;Burger King logo;NONE
mk ultra;;https://ih1.redbubble.net/image.782529217.1811/st,small,507x507-pad,600x600,f8f8f8.jpg;Bohemian Club logo;NONE
mk ultra;;https://ih1.redbubble.net/image.847864985.3391/st,small,507x507-pad,600x600,f8f8f8.u1.jpg;Bohemian Club logo;NONE
mk ultra;;https://ih1.redbubble.net/image.782674190.6639/st,small,507x507-pad,600x600,f8f8f8.u1.jpg;Bohemian Club logo;NONE
mk ultra;;https://ih1.redbubble.net/image.779835676.4539/st,small,507x507-pad,600x600,f8f8f8.u2.jpg;V for Vendetta;Entertainment
mk ultra;;https://ih1.redbubble.net/image.412185139.2928/st,small,507x507-pad,600x600,f8f8f8.u10.jpg;The Hypnotic Eye;Entertainment
mk ultra;;https://ih1.redbubble.net/image.780060729.8150/st,small,507x507-pad,600x600,f8f8f8.u3.jpg;Muse;Entertainment
mk ultra;;https://ih1.redbubble.net/image.421793540.0164/st,small,507x507-pad,600x600,f8f8f8.u6.jpg;Men In Black;Entertainment
mk ultra;;https://ih1.redbubble.net/image.265108133.0108/st,small,507x507-pad,600x600,f8f8f8.u2.jpg;Disney;Entertainment
mk ultra;;https://ih1.redbubble.net/image.359591350.5756/st,small,507x507-pad,600x600,f8f8f8.u5.jpg;Casios Clay Album;Entertainment
mk ultra;;https://ih1.redbubble.net/image.779700550.3920/st,small,507x507-pad,600x600,f8f8f8.u10.jpg;Behold a Pale Horse;Entertainment
mk ultra;;https://ih1.redbubble.net/image.453804225.7838/st,small,507x507-pad,600x600,f8f8f8.u2.jpg;1984;Entertainment
mk ultra;;https://ih1.redbubble.net/image.779832790.4214/st,small,507x507-pad,600x600,f8f8f8.jpg;1984;Entertainment
mk ultra;;https://ih1.redbubble.net/image.782242680.4981/st,small,507x507-pad,600x600,f8f8f8.u2.jpg;1984;Entertainment
mk ultra;;https://ih1.redbubble.net/image.782391248.8576/st,small,507x507-pad,600x600,f8f8f8.jpg;1984;Entertainment
mk ultra;;https://ih1.redbubble.net/image.916328622.3292/st,small,507x507-pad,600x600,f8f8f8.jpg;1984;Entertainment
mk ultra;;https://ih1.redbubble.net/image.917427529.9856/st,small,507x507-pad,600x600,f8f8f8.jpg;1984;Entertainment
mk ultra;;https://ih1.redbubble.net/image.778403026.5489/st,small,507x507-pad,600x600,f8f8f8.jpg;Moon Landing;History & Events
mk ultra;;https://ih1.redbubble.net/image.155124875.4608/st,small,507x507-pad,600x600,f8f8f8.u4.jpg;Josef Mengele;History & Events
mk ultra;;https://ih1.redbubble.net/image.783499724.7605/st,small,507x507-pad,600x600,f8f8f8.u3.jpg;US Dollar;Government and Politics
mk ultra;;https://ih1.redbubble.net/image.836159134.6525/st,small,507x507-pad,600x600,f8f8f8.u2.jpg;US Dollar;Government and Politics
mk ultra;;https://ih1.redbubble.net/image.196452266.6418/st,small,507x507-pad,600x600,f8f8f8.u6.jpg;Us Dollar;Government and Politics
mk ultra;;https://ih1.redbubble.net/image.782675593.6855/st,small,507x507-pad,600x600,f8f8f8.u6.jpg;NONE;NONE
mk ultra;;https://ih1.redbubble.net/image.782307933.0064/st,small,507x507-pad,600x600,f8f8f8.u3.jpg;NONE;NONE
mk ultra;;https://ih1.redbubble.net/image.782917953.2135/st,small,507x507-pad,600x600,f8f8f8.u1.jpg;NONE;NONE
mk ultra;;https://ih1.redbubble.net/image.272324920.1359/st,small,507x507-pad,600x600,f8f8f8.u2.jpg;NONE;NONE
mk ultra;;https://ih1.redbubble.net/image.465315810.3747/st,small,507x507-pad,600x600,f8f8f8.u4.jpg;NONE;NONE
mk ultra;;https://ih1.redbubble.net/image.792446241.2285/st,small,507x507-pad,600x600,f8f8f8.u5.jpg;David Icke;History & Events
mk ultra;;https://ih1.redbubble.net/image.514084811.0423/st,small,507x507-pad,600x600,f8f8f8.u1.jpg;NONE;NONE
mk ultra;;https://ih1.redbubble.net/image.372051566.6448/st,small,507x507-pad,600x600,f8f8f8.u2.jpg;NONE;NONE
mk ultra;;https://ih1.redbubble.net/image.779699370.3686/st,small,507x507-pad,600x600,f8f8f8.u3.jpg;NONE;NONE
mk ultra;;https://ih1.redbubble.net/image.780555408.0700/st,small,507x507-pad,600x600,f8f8f8.u1.jpg;NONE;NONE
mk ultra;;https://ih1.redbubble.net/image.782968541.7657/st,small,507x507-pad,600x600,f8f8f8.jpg;NONE;NONE
mk ultra;;https://ih1.redbubble.net/image.1072172486.6033/tst,small,507x507-pad,600x600,f8f8f8.jpg;NONE;NONE
mk ultra;;https://ih1.redbubble.net/image.782391135.8535/st,small,507x507-pad,600x600,f8f8f8.u2.jpg;NONE;NONE
mk ultra;;https://ih1.redbubble.net/image.696863300.7600/st,small,507x507-pad,600x600,f8f8f8.u2.jpg;NONE;NONE
mk ultra;;https://ih1.redbubble.net/image.1071964223.4744/st,small,507x507-pad,600x600,f8f8f8.jpg;NONE;NONE
mk ultra;;https://ih1.redbubble.net/image.329109797.9455/st,small,507x507-pad,600x600,f8f8f8.jpg;NONE;NONE
mk ultra;;https://ih1.redbubble.net/image.782305422.9852/st,small,507x507-pad,600x600,f8f8f8.u2.jpg;NONE;NONE
mk ultra;;https://ih1.redbubble.net/image.782131656.1832/st,small,507x507-pad,600x600,f8f8f8.u2.jpg;NONE;NONE
mk ultra;;https://ih1.redbubble.net/image.226441243.6938/st,small,507x507-pad,600x600,f8f8f8.jpg;NONE;NONE
mk ultra;;https://ih1.redbubble.net/image.780553248.0301/st,small,507x507-pad,600x600,f8f8f8.jpg;NONE;NONE
mk ultra;;https://ih1.redbubble.net/image.779102443.4031/st,small,507x507-pad,600x600,f8f8f8.u3.jpg;NONE;NONE
mk ultra;;https://ih1.redbubble.net/image.1067085210.6947/st,small,507x507-pad,600x600,f8f8f8.u1.jpg;NONE;NONE
mk ultra;;https://ih1.redbubble.net/image.731374758.2411/st,small,507x507-pad,600x600,f8f8f8.u2.jpg;NONE;NONE
mk ultra;;https://ih1.redbubble.net/image.782914408.1816/st,small,507x507-pad,600x600,f8f8f8.u7.jpg;NONE;NONE
pizzagate;;https://ih1.redbubble.net/image.1037962646.4300/st,small,507x507-pad,600x600,f8f8f8.jpg;Domino's logo;NONE
pizzagate;;https://ih1.redbubble.net/image.1168646540.3986/st,small,507x507-pad,600x600,f8f8f8.jpg;Biden2020;Government and Politics
pizzagate;;https://ih1.redbubble.net/image.346109762.6237/st,small,507x507-pad,600x600,f8f8f8.u2.jpg;8Chan;Entertainment
pizzagate;;https://ih1.redbubble.net/image.615720181.9329/st,small,507x507-pad,600x600,f8f8f8.u3.jpg;Eyes Wide Shut;Entertainment
pizzagate;;https://ih1.redbubble.net/image.1427584157.2980/st,small,507x507-pad,600x600,f8f8f8.jpg;Emilio Isgrò;Entertainment
pizzagate;;https://ih1.redbubble.net/image.1652101417.5355/st,small,507x507-pad,600x600,f8f8f8.jpg;1984 MAGA;Entertainment
pizzagate;;https://ih1.redbubble.net/image.1177910198.7194/st,small,507x507-pad,600x600,f8f8f8.jpg;1984;Entertainment
pizzagate;;https://ih1.redbubble.net/image.1261746729.8878/st,small,507x507-pad,600x600,f8f8f8.jpg;1984;Entertainment
pizzagate;;https://ih1.redbubble.net/image.463867468.4837/st,small,507x507-pad,600x600,f8f8f8.u6.jpg;1984;Entertainment
pizzagate;;https://ih1.redbubble.net/image.492655863.0273/st,small,507x507-pad,600x600,f8f8f8.u4.jpg;1984;Entertainment
pizzagate;;https://ih1.redbubble.net/image.846000299.3429/st,small,507x507-pad,600x600,f8f8f8.jpg;1984;Entertainment
pizzagate;;https://ih1.redbubble.net/image.1038009930.5514/st,small,507x507-pad,600x600,f8f8f8.jpg;1984;Entertainment
pizzagate;;https://ih1.redbubble.net/image.297945109.7980/st,small,507x507-pad,600x600,f8f8f8.u3.jpg;Satanism;Cult and Beliefs
pizzagate;;https://ih1.redbubble.net/image.343342065.2727/st,small,507x507-pad,600x600,f8f8f8.u3.jpg;Satanism;Cult and Beliefs
pizzagate;;https://ih1.redbubble.net/image.329341039.6259/st,small,507x507-pad,600x600,f8f8f8.u4.jpg;US Dollar;Government and Politics
pizzagate;;https://ih1.redbubble.net/image.292194928.8797/st,small,507x507-pad,600x600,f8f8f8.jpg;US Dollar;Government and Politics
pizzagate;;https://ih1.redbubble.net/image.333985875.3466/st,small,507x507-pad,600x600,f8f8f8.u2.jpg;Donald Trump;Government and Politics
pizzagate;;https://ih1.redbubble.net/image.322497243.5003/st,small,507x507-pad,600x600,f8f8f8.u3.jpg;NONE;NONE
pizzagate;;https://ih1.redbubble.net/image.1448097426.8660/st,small,507x507-pad,600x600,f8f8f8.jpg;NONE;NONE
pizzagate;;https://ih1.redbubble.net/image.1358253104.4721/st,small,507x507-pad,600x600,f8f8f8.u1.jpg;NONE;NONE
pizzagate;;https://ih1.redbubble.net/image.297884217.6141/st,small,507x507-pad,600x600,f8f8f8.u1.jpg;NONE;NONE
pizzagate;;https://ih1.redbubble.net/image.1648887779.4003/st,small,507x507-pad,600x600,f8f8f8.jpg;NONE;NONE
pizzagate;;https://ih1.redbubble.net/image.343788611.6492/st,small,507x507-pad,600x600,f8f8f8.u2.jpg;NONE;NONE
pizzagate;;https://ih1.redbubble.net/image.1340514436.3584/st,small,507x507-pad,600x600,f8f8f8.jpg;NONE;NONE
pizzagate;;https://ih1.redbubble.net/image.1369353631.1363/st,small,507x507-pad,600x600,f8f8f8.u1.jpg;NONE;NONE
pizzagate;;https://ih1.redbubble.net/image.890927937.0892/tst,small,507x507-pad,600x600,f8f8f8.jpg;NONE;NONE
pizzagate;;https://ih1.redbubble.net/image.1284450296.9015/st,small,507x507-pad,600x600,f8f8f8.jpg;NONE;NONE
pizzagate;;https://ih1.redbubble.net/image.1524955781.1798/st,small,507x507-pad,600x600,f8f8f8.u1.jpg;NONE;NONE
pizzagate;;https://ih1.redbubble.net/image.322814453.4324/st,small,507x507-pad,600x600,f8f8f8.u3.jpg;US Dollar;Government and Politics
pizzagate;;https://ih1.redbubble.net/image.1603388118.5761/st,small,507x507-pad,600x600,f8f8f8.jpg;NONE;NONE
pizzagate;;https://ih1.redbubble.net/image.296920428.7828/st,small,507x507-pad,600x600,f8f8f8.u1.jpg;NONE;NONE
pizzagate;;https://ih1.redbubble.net/image.958381002.8138/st,small,507x507-pad,600x600,f8f8f8.jpg;NONE;NONE
pizzagate;;https://ih1.redbubble.net/image.1469889351.8637/st,small,507x507-pad,600x600,f8f8f8.jpg;NONE;NONE
pizzagate;;https://ih1.redbubble.net/image.1670329278.7774/st,small,507x507-pad,600x600,f8f8f8.jpg;NONE;NONE
pizzagate;;https://ih1.redbubble.net/image.336766227.6491/st,small,507x507-pad,600x600,f8f8f8.u4.jpg;Podesta;History & Events
pizzagate;;https://ih1.redbubble.net/image.1536889841.3424/st,small,507x507-pad,600x600,f8f8f8.jpg;NONE;NONE
pizzagate;;https://ih1.redbubble.net/image.1475987072.1777/st,small,507x507-pad,600x600,f8f8f8.jpg;NONE;NONE
pizzagate;;https://ih1.redbubble.net/image.890946499.1335/st,small,507x507-pad,600x600,f8f8f8.jpg;NONE;NONE
pizzagate;;https://ih1.redbubble.net/image.1428696510.5824/st,small,507x507-pad,600x600,f8f8f8.jpg;NONE;NONE
pizzagate;;https://ih1.redbubble.net/image.335543877.0085/st,small,507x507-pad,600x600,f8f8f8.u2.jpg;Podesta;History & Events
pizzagate;;https://ih1.redbubble.net/image.1463251788.5235/st,small,507x507-pad,600x600,f8f8f8.jpg;NONE;NONE
pizzagate;;https://ih1.redbubble.net/image.1547921150.6003/st,small,507x507-pad,600x600,f8f8f8.jpg;US Flag;Government and Politics
pizzagate;;https://ih1.redbubble.net/image.1486120867.6518/st,small,507x507-pad,600x600,f8f8f8.jpg;NONE;NONE
pizzagate;;https://ih1.redbubble.net/image.1688860165.6153/st,small,507x507-pad,600x600,f8f8f8.jpg;NONE;NONE
pizzagate;;https://ih1.redbubble.net/image.1561733913.8304/st,small,507x507-pad,600x600,f8f8f8.jpg;NONE;NONE
pizzagate;;https://ih1.redbubble.net/image.1774521355.0187/st,small,507x507-pad,600x600,f8f8f8.jpg;Plandemic Documentary;Entertainment
pizzagate;;https://ih1.redbubble.net/image.1648910415.9727/st,small,507x507-pad,600x600,f8f8f8.jpg;NONE;NONE
pizzagate;;https://ih1.redbubble.net/image.290763756.3066/st,small,507x507-pad,600x600,f8f8f8.u5.jpg;NONE;NONE
pizzagate;;https://ih1.redbubble.net/image.1617181118.1538/st,small,507x507-pad,600x600,f8f8f8.jpg;NONE;NONE
pizzagate;;https://ih1.redbubble.net/image.958354668.7528/st,small,507x507-pad,600x600,f8f8f8.jpg;NONE;NONE
qanon;;https://ih1.redbubble.net/image.1068236065.4835/st,small,507x507-pad,600x600,f8f8f8.u1.jpg;Parental Advisory;NONE
qanon;;https://ih1.redbubble.net/image.972624106.8970/st,small,507x507-pad,600x600,f8f8f8.jpg;MAGA;Government and Politics
qanon;;https://ih1.redbubble.net/image.1155544176.6941/tst,small,507x507-pad,600x600,f8f8f8.jpg;MAGA;Government and Politics
qanon;;https://ih1.redbubble.net/image.1363360797.4251/st,small,507x507-pad,600x600,f8f8f8.jpg;V for Vendetta;Entertainment
qanon;;https://ih1.redbubble.net/image.619893102.9275/st,small,507x507-pad,600x600,f8f8f8.u1.jpg;V for Vendetta;Entertainment
qanon;;https://ih1.redbubble.net/image.1177477460.8920/st,small,507x507-pad,600x600,f8f8f8.jpg;The Revolution Will Not Be Televised;Entertainment
qanon;;https://ih1.redbubble.net/image.1289976651.7479/st,small,507x507-pad,600x600,f8f8f8.jpg;The Punisher;Entertainment
qanon;;https://ih1.redbubble.net/image.1289691638.1034/st,small,507x507-pad,600x600,f8f8f8.jpg;The Punisher;Entertainment
qanon;;https://ih1.redbubble.net/image.1252578981.8971/st,small,507x507-pad,600x600,f8f8f8.jpg;The Matrix;Entertainment
qanon;;https://ih1.redbubble.net/image.841869666.5056/st,small,507x507-pad,600x600,f8f8f8.u6.jpg;The Matrix;Entertainment
qanon;;https://ih1.redbubble.net/image.1234412442.2652/st,small,507x507-pad,600x600,f8f8f8.jpg;The Matrix;Entertainment
qanon;;https://ih1.redbubble.net/image.848908921.0317/st,small,507x507-pad,600x600,f8f8f8.jpg;The Matrix;Entertainment
qanon;;https://ih1.redbubble.net/image.1519981183.8553/st,small,507x507-pad,600x600,f8f8f8.jpg;Straight Outta Compton;Entertainment
qanon;;https://ih1.redbubble.net/image.1150379962.2891/st,small,507x507-pad,600x600,f8f8f8.jpg;Kehinde Wiley;Entertainment
qanon;;https://ih1.redbubble.net/image.680448030.1900/st,small,507x507-pad,600x600,f8f8f8.u2.jpg;Emilio Isgrò;Entertainment
qanon;;https://ih1.redbubble.net/image.803179449.3144/st,small,507x507-pad,600x600,f8f8f8.u4.jpg;Trump;Government and Politics
qanon;;https://ih1.redbubble.net/image.969197855.0464/st,small,507x507-pad,600x600,f8f8f8.jpg;Schiff Scandal;History & Events
qanon;;https://ih1.redbubble.net/image.768762216.7006/st,small,507x507-pad,600x600,f8f8f8.u7.jpg;Moon Landing;History & Events
qanon;;https://ih1.redbubble.net/image.804830532.1051/st,small,507x507-pad,600x600,f8f8f8.u4.jpg;Assange Scandal;History & Events
qanon;;https://ih1.redbubble.net/image.1169793478.6535/st,small,507x507-pad,600x600,f8f8f8.jpg;"""Drain In The Swamp"" slogan";Government and Politics
qanon;;https://ih1.redbubble.net/image.1169803044.6720/st,small,507x507-pad,600x600,f8f8f8.jpg;"""Drain In The Swamp"" slogan";Government and Politics
qanon;;https://ih1.redbubble.net/image.1389910554.3686/st,small,507x507-pad,600x600,f8f8f8.jpg;Satanism;Cult and Beliefs
qanon;;https://ih1.redbubble.net/image.1001356035.9666/st,small,507x507-pad,600x600,f8f8f8.jpg;US President;Government and Politics
qanon;;https://ih1.redbubble.net/image.1229224230.6565/st,small,507x507-pad,600x600,f8f8f8.jpg;US Dollar;Government and Politics
qanon;;https://ih1.redbubble.net/image.1271130509.6022/st,small,507x507-pad,600x600,f8f8f8.jpg;Pepe The Frog;NONE
qanon;;https://ih1.redbubble.net/image.897222162.3035/st,small,507x507-pad,600x600,f8f8f8.u1.jpg;Keep Calm;NONE
qanon;;https://ih1.redbubble.net/image.674827731.2940/st,small,507x507-pad,600x600,f8f8f8.u5.jpg;"""Orange Man Bad"" meme";NONE
qanon;;https://ih1.redbubble.net/image.692212094.8875/st,small,507x507-pad,600x600,f8f8f8.jpg;NONE;NONE
qanon;;https://ih1.redbubble.net/image.1637843900.7031/st,small,507x507-pad,600x600,f8f8f8.jpg;Donald Trump;Government and Politics
qanon;;https://ih1.redbubble.net/image.1113036672.2654/st,small,507x507-pad,600x600,f8f8f8.jpg;NONE;NONE
qanon;;https://ih1.redbubble.net/image.1130855097.1039/st,small,507x507-pad,600x600,f8f8f8.u4.jpg;NONE;NONE
qanon;;https://ih1.redbubble.net/image.833398090.8929/st,small,507x507-pad,600x600,f8f8f8.u1.jpg;US Flag;Government and Politics
qanon;;https://ih1.redbubble.net/image.1182951611.7068/st,small,507x507-pad,600x600,f8f8f8.jpg;NONE;NONE
qanon;;https://ih1.redbubble.net/image.1207925993.0914/st,small,507x507-pad,600x600,f8f8f8.jpg;NONE;NONE
qanon;;https://ih1.redbubble.net/image.1402896487.4730/st,small,507x507-pad,600x600,f8f8f8.jpg;NONE;NONE
qanon;;https://ih1.redbubble.net/image.1420412710.8137/st,small,507x507-pad,600x600,f8f8f8.jpg;Hillary Clinton;Government and Politics
qanon;;https://ih1.redbubble.net/image.1175310871.7990/st,small,507x507-pad,600x600,f8f8f8.jpg;Covid-19;History & Events
qanon;;https://ih1.redbubble.net/image.1402795388.2658/st,small,507x507-pad,600x600,f8f8f8.jpg;NONE;NONE
qanon;;https://ih1.redbubble.net/image.1277694497.7654/st,small,507x507-pad,600x600,f8f8f8.jpg;NONE;NONE
qanon;;https://ih1.redbubble.net/image.776201332.4435/st,small,507x507-pad,600x600,f8f8f8.jpg;Social Media;NONE
qanon;;https://ih1.redbubble.net/image.1431521872.3205/st,small,507x507-pad,600x600,f8f8f8.jpg;Tucker Carlson;History & Events
qanon;;https://ih1.redbubble.net/image.1336721851.1525/st,small,507x507-pad,600x600,f8f8f8.jpg;NONE;NONE
qanon;;https://ih1.redbubble.net/image.1791599676.5086/st,small,507x507-pad,600x600,f8f8f8.jpg;NONE;NONE
qanon;;https://ih1.redbubble.net/image.619569587.7054/st,small,507x507-pad,600x600,f8f8f8.u6.jpg;NONE;NONE
qanon;;https://ih1.redbubble.net/image.1001365706.9898/st,small,507x507-pad,600x600,f8f8f8.jpg;NONE;NONE
qanon;;https://ih1.redbubble.net/image.1144549913.2181/st,small,507x507-pad,600x600,f8f8f8.jpg;Flags;Government and Politics
qanon;;https://ih1.redbubble.net/image.1290005194.8115/st,small,507x507-pad,600x600,f8f8f8.jpg;US Flag;Government and Politics
qanon;;https://ih1.redbubble.net/image.699585238.3050/st,small,507x507-pad,600x600,f8f8f8.u5.jpg;NONE;NONE
qanon;;https://ih1.redbubble.net/image.540417314.6604/st,small,507x507-pad,600x600,f8f8f8.u1.jpg;NONE;NONE
qanon;;https://ih1.redbubble.net/image.1220971504.4535/st,small,507x507-pad,600x600,f8f8f8.jpg;NONE;NONE