Country,Company name,Company type,Location(of the job),Location(of the company),Salary,Salary/m（💲）,Major requirements（None/ High school diploma /college degree/Bachelor degree ）,needed skills,rotate days off,Shift hours,Insurance,Psychological help,Declaimer ,website
Canada,Majorel,Customer Experience Management,"Waterloo, ON,Ca",,15$ an hour,3360$ max,none,"Fluency in written and spoken English/
Proven ability to deliver highest quality results while paying strict attention to detail./
Ability to work in a fast paced environment with high volume and complex demands./
Advanced MS Excel and Word skills coupled with exceptional attention to detail and a proven ability to quickly learn new tools./
If required by project: Strong knowledge of national and international political, historical and social news and figures in the media./
",none,none,none,non,"Resiliency: Ability to view content that may be offensive, strong or abhorrent, with understanding.
Comfortable with and understand that the job requires reviewing internet content that may be deemed inappropriate and/or contain explicit material.",https://ca.indeed.com/jobs?q=content%20moderator&l=canada&vjk=7934df38cfae6668
Canada,Majorel,Customer Experience Management,"Waterloo, ON,Ca",,15$ an hour,3360$ max,BA/BS,"Fluency in written and spoken English/
Proven ability to deliver highest quality results while paying strict attention to detail./
Ability to work in a fast paced environment with high volume and complex demands./
Advanced MS Excel and Word skills coupled with exceptional attention to detail and a proven ability to quickly learn new tools./
If required by project: Strong knowledge of national and international political, historical and social news and figures in the media./
",none,none,none,non,"Resiliency: Ability to view content that may be offensive, strong or abhorrent, with understanding.
Comfortable with and understand that the job requires reviewing internet content that may be deemed inappropriate and/or contain explicit material.",https://ca.indeed.com/jobs?q=content%20moderator&l=canada&vjk=8a067786f8a4ad1c
Canada,Majorel,Customer Experience Management,"Waterloo, ON,Ca",,22$ an hour,4928$ max,BA/BS,"Fluency in written and spoken English/
Proven ability to deliver highest quality results while paying strict attention to detail./
Ability to work in a fast paced environment with high volume and complex demands./
Advanced MS Excel and Word skills coupled with exceptional attention to detail and a proven ability to quickly learn new tools./
If required by project: Strong knowledge of national and international political, historical and social news and figures in the media./
",none,none,none,non,"Resiliency: Ability to view content that may be offensive, strong or abhorrent, with understanding.
Comfortable with and understand that the job requires reviewing internet content that may be deemed inappropriate and/or contain explicit material.",https://ca.indeed.com/jobs?q=content%20moderator&l=canada&vjk=5f5bafc495ccccc0
Canada,Majorel,Customer Experience Management,"Waterloo, ON,Ca",,none,none,none,"Fluency in written and spoken English/
Proven ability to deliver highest quality results while paying strict attention to detail./
Ability to work in a fast paced environment with high volume and complex demands./
Advanced MS Excel and Word skills coupled with exceptional attention to detail and a proven ability to quickly learn new tools./
If required by project: Strong knowledge of national and international political, historical and social news and figures in the media./
",none,none,none,non,"Resiliency: Ability to view content that may be offensive, strong or abhorrent, with understanding.
Comfortable with and understand that the job requires reviewing internet content that may be deemed inappropriate and/or contain explicit material.",https://ca.indeed.com/jobs?q=content%20moderator&l=canada&vjk=7934df38cfae6668
India,Roposo,internet,"Gurgaon,india",India,none,none,Bachelor,"languge,",none,none,none,non,none,none
India,Foiwe Info Global Solutions,software,"Bengaluru,india",India,none,none,Bachelor(Engineering/computer/Master of Computer Applications),Communication/mangement ,none,none,none,non,none,https://www.naukri.com/job-listings-content-moderators-foiwe-info-global-solutions-bengaluru-bangalore-1-to-5-years-010318500417?src=jobsearchDesk&sid=16050690538005259&xp=2&px=1
India,Foiwe Info Global Solutions,software,"Bengaluru,india",India,none,none,Bachelor(Engineering/computer/Master of Computer Applications),Communication/mangement ,none,none,none,non,none,https://www.naukri.com/job-listings-content-moderators-foiwe-info-global-solutions-bengaluru-bangalore-2-to-7-years-230715501306?src=jobsearchDesk&sid=16050690538005259&xp=3&px=1
India,Smart Steps HR Services,human re,"Bengaluru,india",India,16 k to 20 k.,none,Bachelor(commerce/Engineering/computer/Master of Computer Applications),customer/problem solving/,none,none,none,non,none,none
India,Google/Cognizant Technologies Solutions,Technology ,"Delhi NCR, Delhi, Gurgaon,india",America,none,none,Bachelor,communication/mangement /text editing/data analyze/,none,none,none,non,none,https://www.naukri.com/job-listings-content-moderator-work-from-home-smart-steps-hr-services-gurgaon-0-to-4-years-160920005858?src=jobsearchDesk&sid=16050690538005259&xp=5&px=1
India,Floating Numbers Digital Solutions Pvt. Ltd.,internet,"Kolkata,india",India,none,none,Bachelor,detail attention/judgment/communication/language/pc/respensibility/,none,none,none,non,none,https://www.naukri.com/job-listings-cognizant-hiring-content-moderator-graduate-fresher-can-apply-symbolic-statement-delhi-ncr-delhi-gurgaon-0-to-1-years-150420005589?src=jobsearchDesk&sid=16050690538005259&xp=6&px=1
India,OLX India Pvt Ltd4.0,product and tech company ,"Gurgaon,india","
Netherlands",none,none,Bachelor,communication/writing/verbal,none,none,none,non,none,https://www.naukri.com/job-listings-content-moderator-wfh-opportunity-with-olx-gurgaon-olx-india-pvt-ltd-gurgaon-1-to-4-years-041120000008?src=jobsearchDesk&sid=16050690538005259&xp=10&px=1
India,Futuresoft,business process outsourcing,"Delhi NCR, Noida, Gurgaon",America?,none,none,Bachelor,communication/editing/customer/text editing,none,none,none,none,none,https://www.naukri.com/job-listings-content-moderator-profile-g-le-prior-experience-must-4-lakh-futuresoft-delhi-ncr-noida-gurgaon-0-to-5-years-071020001308?src=jobsearchDesk&sid=16050690538005259&xp=11&px=1
India,Axis Consultants,business process outsourcing,"Delhi NCR, Noida, Gurgaon",China? Tiktok?,"₹ 1,00,000 - 2,25,000 P.A.",none,Bachelor,text editing,none,none,none,none,none,https://www.naukri.com/job-listings-mnc-hiring-content-moderators-axis-consultants-delhi-ncr-delhi-gurgaon-0-to-3-years-051120004750?src=jobsearchDesk&sid=16050690538005259&xp=12&px=1
India,Weaving Thoughts,Content Marketing company ,"Chennai, Pune, Delhi NCR, Delhi, Bengaluru, Hyderabad, Gurgaon,",India,"₹ 50,000 - 1,00,000 P.A.",none,none,language/writing/creativity,none,none,none,none,none,https://www.naukri.com/job-listings-freelance-content-writer-part-full-time-work-home-53-weaving-thoughts-chennai-pune-delhi-ncr-delhi-bengaluru-bangalore-hyderabad-secunderabad-gurgaon-noida-kolkata-0-to-5-years-080820000100?src=jobsearchDesk&sid=16050690538005259&xp=13&px=1
India,Weaving Thoughts,Content Marketing company ,"Pune, Delhi NCR, Mumbai, Bengaluru, Hyderabad, Kolkata",India,"₹ 50,000 - 3,00,000 P.A.",none,none,language/writing/editing,none,none,none,none,none,https://www.naukri.com/job-listings-hindi-freelance-content-writer-work-from-home-part-time-3-weaving-thoughts-pune-delhi-ncr-mumbai-bengaluru-bangalore-hyderabad-secunderabad-kolkata-0-to-5-years-211020009005?src=jobsearchDesk&sid=16050690538005259&xp=14&px=1
India,Cyber Panthers,Content Marketing company ,"Chandigarh, Hyderabad, Gurgaon",India,none,none,Bachelor,data analyze,none,none,none,none,none,https://www.naukri.com/job-listings-web-content-writer-cyber-panthers-chandigarh-hyderabad-secunderabad-gurgaon-0-to-2-years-240320502074?src=jobsearchDesk&sid=16050690538005259&xp=19&px=1
India,Han Digital Solution (P),consulting,"Hyderabad, Gurgaon",India,none,none,Bachelor,customer/language,none,none,none,none,sensitive ,https://www.naukri.com/job-listings-content-moderator-non-voice-han-digital-solution-p-hyderabad-secunderabad-gurgaon-1-to-3-years-170820500813?src=jobsearchDesk&sid=16050690538005259&xp=16&px=1
India,Pylon Management Consulting Pvt Ltd,Consulting .,Gurgaon,India,none,none,Bachelor,language/,none,none,none,none,none,none
India,"SolutionInn, US",internet,punjab,America,none,none,Bachelor,language/judgment/pc,none,none,none,none,none,https://www.naukri.com/job-listings-content-moderator-solutioninn-us-punjab-1-to-6-years-291020500473?src=jobsearchDesk&sid=16050690538005259_2&xp=3&px=3
India,Smart Steps HR Services,Consulting .,Gurgaon,India,"₹ 2,25,000 - 3,25,000 P.A.",none,Bachelor,none,none,none,none,none,none,https://www.naukri.com/job-listings-opening-for-a-content-moderation-process-backend-smart-steps-hr-services-gurgaon-0-to-4-years-220920004686?src=jobsearchDesk&sid=16050737303493029&xp=1&px=1
India,Stalwart Management Consulting,Consulting .,Hyderabad,India,none,none,Bachelor,mangement,none,none,none,none,"They review content which may cover nudity, hate speech, bullying, self-harm, gore and harassment. They ensure every piece of content in violation of clients terms of services is accurately identified and flagged for action in a timely manner.",https://www.naukri.com/job-listings-content-moderation-hyderabad-diversity-females-only-stalwart-management-consulting-hyderabad-secunderabad-15-to-20-years-061120902880?src=jobsearchDesk&sid=16050737303493029&xp=3&px=1
India,Pylon Management Consulting Pvt Ltd,none,Delhi NCR,America? largest MNC,none,none,Bachelor,written/verbal communications./language,none,none,none,none,none,https://www.naukri.com/job-listings-content-moderation-delhi-india-sinhalese-language-mnc-pylon-management-consulting-pvt-ltd-delhi-ncr-0-to-5-years-131020007830?src=jobsearchDesk&sid=16050737303493029&xp=4&px=1
India,HyreFox Consultants Pvt Ltd4.3,Human Resource company,Delhi,India,none,none,Bachelor,attention to detail/pv/communication/data analyze,none,none,none,none,none,https://www.naukri.com/job-listings-associate-content-moderation-hyrefox-consultants-pvt-ltd-delhi-1-to-6-years-191020501140?src=jobsearchDesk&sid=16050737303493029&xp=5&px=1
India,"
Imperial Training & Consulting",Human Resource company,Mohali,India,none,none,Bachelor,teamwork/customer/communication/editor/writing,none,none,none,none,none,https://www.naukri.com/job-listings-senior-manager-content-moderation-editing-imperial-training-consulting-mohali-10-to-15-years-301019500654?src=jobsearchDesk&sid=16050737303493029&xp=6&px=1
India,HyreFox Consultants Pvt Ltd,Human Resource company,,India,none,none,Bachelor,judgment/multi-tasking skill,none,none,none,none,"Pornography, Abuse, Democratic, Threats, etc.",https://www.naukri.com/job-listings-sr-manager-content-moderation-hyrefox-consultants-pvt-ltd-mohali-6-to-10-years-030420500745?src=jobsearchDesk&sid=16050737303493029&xp=7&px=1
India,Accenture Solutions Pvt Ltd,Consulting .,Hyderabad,Ireland,none,none,High school diploma,mangement/teamwork/Consulting/problem solving/attention to details .,none,none,none,none,"They review content which may cover nudity, hate speech, bullying, self-harm, gore and harassment. ",https://www.naukri.com/job-listings-new-associate-content-management-accenture-solutions-pvt-ltd-hyderabad-secunderabad-0-to-2-years-291020904946?src=jobsearchDesk&sid=16050737303493029&xp=8&px=1
India,Accenture Solutions Pvt Ltd,Consulting .,Hyderabad,Ireland,none,none,High school diploma,judgment/mangement/data analyze/computer vision/mangement/Consulting .,none,none,none,none,"They review content which may cover nudity, hate speech, bullying, self-harm, gore and harassment. ",none
India,Axis Consultants,business process outsourcing,"Delhi NCR, Delhi, Gurgaon",China? Tiktok/Wechat?,none,none,Bachelor,language,none,none,none,none,none,none
India,TRIDINDIA IT TRANSLATION SERVICES PVT. LTD4.6(8 Reviews),none,Delhi,India,none,none,Bachelor(english),judgment/language/law/web design/editor/multi-tasking skill/teamwork/detail attention,none,none,none,none,pressured  environment,https://www.naukri.com/job-listings-content-moderator-tridindia-it-translation-services-pvt-ltd-delhi-1-to-6-years-230318500786?src=jobsearchDesk&sid=16050737303493029_1&xp=13&px=2
India,Accenture Solutions Pvt Ltd,Consulting .,Hyderabad,Ireland,none,none,none,mangement/communication/judgment/data analyze.,none,none,none,none,"They review content which may cover nudity, hate speech, bullying, self-harm, gore and harassment. ",https://www.naukri.com/job-listings-new-associate-content-management-accenture-solutions-pvt-ltd-hyderabad-secunderabad-0-to-2-years-291020904946?src=jobsearchDesk&sid=16050737303493029&xp=8&px=1
India,I-DREAM HR SOLUTIONS,Human Resource company,"Delhi NCR, Gurgaon",India,none,none,Bachelor,communication,none,none,none,none,none,https://www.naukri.com/job-listings-content-ad-moderator-telugu-kannada-malayalam-i-dream-hr-solutions-delhi-ncr-gurgaon-1-to-6-years-301020905027?src=jobsearchDesk&sid=16050737303493029_1&xp=9&px=2
India,Candor Services,Consulting .,Gurgaon,India,none,none,Bachelor,writing/creativity,none,none,none,none,none,https://www.naukri.com/job-listings-bpo-hiring-for-content-moderator-non-voice-3-0-lpa-ggn-candor-services-gurgaon-1-to-6-years-071120000843?src=jobsearchDesk&sid=16050737303493029_1&xp=5&px=2
India,I-DREAM HR SOLUTIONS,Human Resource company,"Delhi NCR, Gurgaon",India,none,none,Bachelor,language/video editing/writing/communication,none,none,none,none,none,https://www.naukri.com/job-listings-bpo-hiring-for-content-moderator-non-voice-3-0-lpa-ggn-candor-services-gurgaon-1-to-6-years-071120000843?src=jobsearchDesk&sid=16050737303493029_1&xp=5&px=2
India,Enhance Business Solutions Private Limited3.2(64 Reviews),none,,America?twitter/ins,none,none,Bachelor,language/knowledge about current events/law,none,none,none,none,none,https://www.naukri.com/job-listings-video-moderator-multiple-language-work-from-home-enhance-business-solutions-private-limited-other-national-locations-gurgaon-0-to-2-years-141020005450?src=jobsearchDesk&sid=16050737303493029_1&xp=1&px=2
India,Adecco India Private Limited,Human Resource company,Other International Location,america?facebook,none,none,Bachelor,language/judgment/communication,none,none,none,none,none,https://www.naukri.com/job-listings-content-moderator-bengali-adecco-india-private-limited-other-national-locations-other-international-location-2-to-7-years-281020005954?src=jobsearchDesk&sid=16050737303493029_2&xp=15&px=3
India,General Data P. Limited,IT,Mumbai,India,none,none,Bachelor,language/writing/code,none,none,none,none,none,https://www.naukri.com/job-listings-content-manager-general-data-p-limited-mumbai-3-to-5-years-040620500352?src=jobsearchDesk&sid=16050737303493029_2&xp=5&px=3
India,Godot Media,media,"Chennai, Bengaluru, Hyderabad",India,none,none,Bachelor,Copy writing,none,none,none,none,none,https://www.naukri.com/job-listings-content-writer-editor-content-manager-multiple-positions-godot-media-chennai-bengaluru-bangalore-hyderabad-secunderabad-0-to-5-years-131020000577?src=jobsearchDesk&sid=16050737303493029_3&xp=10&px=4
India,Sellcraft Global Solutions Private Limited,none,"Mumbai, Hyderabad",India(one of the top MNC,none,none,Bachelor,communication skill/customer support,none,none,none,none,nalyze content which will be explicit/bad in nature.,https://www.naukri.com/job-listings-urgent-hiring-for-persons-with-disability-for-backend-role-sellcraft-global-solutions-private-limited-mumbai-hyderabad-secunderabad-0-to-2-years-201020601114?src=jobsearchDesk&sid=16050737303493029_3&xp=7&px=4
India,HyreFox Consultants Pvt ,Human Resource company,Hyderabad,India(one of the top MNC,none,none,Bachelor,language,none,none,none,none,"Sexual Assault, Terrorism, Child Abuse, suicidal videos and bloodshed.",https://www.naukri.com/job-listings-process-developer-content-review-moderation-associate-english-hyrefox-consultants-pvt-ltd-hyderabad-secunderabad-2-to-4-years-160119500357?src=jobsearchDesk&sid=16050737303493029_4&xp=1&px=5
Japan,"Street Venture Co., Ltd.",IT,Japan,Japan,"Monthly salary 320,000-350,000 yen",none,high school,none,none,none,none,none,none,https://xn--pckua2a7gp15o89zb.com/jb/515fc0ae5b2e152c51f9eca0369ec07b
Japan,"M & T Co., Ltd.",IT,Japan,"Japan?(TikTok, YouTube","Hourly wage 900 yen to 1,875 yen",none,none,pc skill/copywriting/data analyze,none,none,none,none,none,https://xn--pckua2a7gp15o89zb.com/jb/8979ca22c229e163f19eaab5f1cc2e2a
Japan,Espur Human Solutions Co.，Ltd.,none,Japan,,计时工资1，100日元-1，200日元,none,none,communication/pc,none,none,none,none,illegal,none
Japan,Beanex Technologies Co.，Ltd.,engineer,"tokye,Japan",Japan,"月薪210,000-500,000日元
",none,bachlor,language/Knowledge of industry best practices,none,none,none,none,none,https://xn--pckua2a7gp15o89zb.com/jb/6141ee202f4d358acae3c5842e0df058
Japan,CTC First Contact Co.，Ltd.,service,"tokye,Japan",Japan,"计时工资1，650日元〜
",none,none,language,none,none,none,none,none,https://xn--pckua2a7gp15o89zb.com/jb/620716da25996ba1e51efcba1cba7275
Japan,E-Guardian Inc.,none,"tokye,Japan",Japan,none,none,none,technical or customer support/mangement/pc/multi/Knowledge of industry best practices,none,none,none,none,none,https://gamejob-visionary.com/job-id36518?utm_source=kyujin-box&utm_medium=cpc&utm_campaign=kyujin-box-CustomerSupport
Japan,SB Human Capital 転職エージェント,human,Japan,Japan,Annual income from 2.4 million yen,none,none,Knowledge of industry best practices/pc/mangement,none,none,none,none,none,https://xn--pckua2a7gp15o89zb.com/jb/ff21882f00cfec7f5244a1644f5da3a9
Japan,DMM.com,internet,Japan,Japan,"168,000日元",none,high school,pc skill/copywriting,none,none,none,none,none,https://mil-to.com/dmm/job/52264148/?dmai=b_25648_001
Singpore,OLIVER Agency,services company,Singapore,Singapore,none,5.2k,Bachelor degree,creativity/Strategic thinking/mangement/data analysis/MS Office/basic pc skills/language/Writing/Copywriting/presentation skill/text edting/communication skill/Literacy/Teamwork,none,none,none,none,none,https://www.oliver.agency/
Singpore,SJ 1 PTE. LTD.,services company,Singapore,Singapore,none,none,none,creativity/Strategic thinking/mangement/MS Office/basic pc skills/Writing/Copywriting/text edting/communication skill/Literacy/Teamwork,none,none,none,none,sensitive,none
Singpore,Koipy,IT,Singapore,China,none,none,Bachelor degree,creativity/Strategic thinking/mangement/MS Office/basic pc skills/language/Writing/Copywriting/text edting/communication skill/Literacy/Teamwork,none,none,none,none,none,http://www.koipy.com/
Singpore,Page Personnel,human resources,Singapore,Singapore,none,none,Bachelor degree,creativity/Strategic thinking/MS Office/basic pc skills/Writing/Copywriting/text edting/communication skill/Literacy/Teamwork/data analysis,none,none,none,none,stress,https://www.pagepersonnel.com/
Singpore,Google,internet,Singapore,America,none,none,none,teamwork/problem solving/communication/mangement/knowledge about current events/alert to politically sensitive issues,none,none,none,none,sensitive content.,https://www.linkedin.com/jobs/search/?currentJobId=2264211904&geoId=102454443&keywords=content%20moderation&location=%E6%96%B0%E5%8A%A0%E5%9D%A1&originalSubdomain=sg
Singpore,TikTok ,internet,Singapore,china,none,none,none,logical thinking/teamwork/respensibility/pc/culture/processing/data analysis,none,none,none,none,stress,https://www.linkedin.com/jobs/search/?currentJobId=2264296085&geoId=102454443&keywords=content%20moderation&location=%E6%96%B0%E5%8A%A0%E5%9D%A1&originalSubdomain=sg
Singpore,Adecco/Globally known US MNC in social media platform ,human resources,Singapore,America,3500,none,Bachelor degree,communication/law/data analyze/language/Knowledge of industry best practices,none,none,none,none,none,https://www.linkedin.com/jobs/search/?currentJobId=2238528775&geoId=102454443&keywords=content%20moderation&location=%E6%96%B0%E5%8A%A0%E5%9D%A1&originalSubdomain=sg
Singpore,Prestige Professions Pte Ltd ,none,Singapore,none,none,none,none,pc/creative/multi-tasking skill,none,none,none,none,none,https://www.linkedin.com/jobs/search/?currentJobId=2275005874&geoId=102454443&keywords=content%20moderation&location=%E6%96%B0%E5%8A%A0%E5%9D%A1&originalSubdomain=sg
Singpore,KONG MENG SAN PHOR KARK SEE MONASTERY,none,Singapore,none,none,none,"Bachelor degree(Mass Communications, Marketing)",language/presentation/communication/wrot/copywriting/multi-tasking skill,none,none,none,none,none,none
Singpore,GOOGLE ASIA PACIFIC PTE. LTD. ,internet,Singapore,America,none,none,"Bachelor degree(Legal, Policy or Technology field",communication/problem solving/data analysis/mangement/,none,none,none,none,none,none
China,bilibili,Internet company,"wuhan,china",china,4.5-6,none,college degre,communication/knowledge about ACG/,none,none,none,none,Compressive ability,https://jobs.51job.com/wuhan-hsq/125760428.html?s=01&t=0
China,Hunan He Xun Information Technology Co. LTD,Technology,zhengzhou.china,china,3-4.5,none,High school diploma,knowledge about Internet information security /knowledge about basic laws and regulations/pc skill/teamwork,none,none,none,none,none,https://jobs.51job.com/zhongmouxian/125720989.html?s=01&t=0
China,"Shanghai Paige Information Technology Co., LTD",Human Resource company,"wuhan,china",china,none,none,Bachelor degree,communication/teamwork/text edting/knowledge about World events and their backgrounds,排班轮休制，上五休二，八小时工作制，月休8天，节假日当天上班三倍工资,none,none,none,none,https://jobs.51job.com/wuhan-jxq/126860266.html?s=01&t=0
China,Ningxia Xiyun Data Technology Co. LTD,Technology,ningxia,china,4.5-6,none,Bachelor degree,language/verbal/text/attention to detai/communication/pc/critical-thinking/knowledge about World events and their backgrounds,能够接受晚上及周末倒班工作（无夜班，工作时间每周不超过40小时）,none,none,none,none,https://jobs.51job.com/zhongwei/122958055.html?s=01&t=0
China,Meituan,Internet company,"wuhan,china",china,6--8,none,college degre,text/communication/knowledge about law/photoshop,9:00-18:00；月休四天，法定节假日正常放假,none,none,none,none,https://jobs.51job.com/wuhan/126804012.html?s=01&t=0
China,Wuhan Baijuncheng Technology Co. LTD,Technology Co. LTD,"hangzhou,china",china,3.5-5,none,High school diploma,teamwork,none,none,none,none,none,https://jobs.51job.com/hangzhou-yhq/126624165.html?s=01&t=0
China,Xi 'an Kangnai Network Technology Co. LTD,Internet company,"xian,china",china,4--6,none,college degre,mangemant skill/good look/teamwork,none,none,none,none,none,https://jobs.51job.com/xian-ytq/126555957.html?s=01&t=0
China,Shaanxi Zhongniao Network Technology Co. LTD,Internet company,"chengdu,china",china,6.0-8,none,college degre,none,none,none,none,none,none,https://jobs.51job.com/chengdu-jjq/126819282.html?s=01&t=0
China,Sichuan Anyun Wentou Network Technology Co. LTD,Internet company,"chengdu,china",china,6.0-9,none,college degre,none,none,none,none,none,none,https://jobs.51job.com/chengdu-whq/126535627.html?s=01&t=0
China,byte dance,Internet company,"chengdu,china",china,4.0-7,none,college degre,problem solving/responsibility,none,none,none,none,none,https://jobs.51job.com/chengdu/126791415.html?s=01&t=0
China,dewu app,Internet company,"shanghai,china",china,7-1.4,none,Bachelor degree（journalism,data analyze/communication skill,none,none,none,none,过滤黑灰词,https://jobs.51job.com/shanghai-ypq/126790851.html?s=01&t=0
China,"Beding Century (Beijing) Network Technology Co., LTD. Shijiazhuang Branch",Internet company,"shijiazhuang,china",china,none,none,college degre,communication/verbal/text/teamwork/responsibility/pc,none,none,none,none,none,none
China,Shaanxi Zhongniao Network Technology Co. LTD,Internet company,"xian,china",china,4.5-7.5,none,college degre,knowledge about law/teamwork/Highly alert to politically sensitive issues,none,none,none,none,pressured  environment,https://jobs.51job.com/xian-wyq/126791017.html?s=01&t=0
China,Chengdu Qianling Technology Management Co. LTD,Technology Co. LTD,"chengdu,china",china,6--8,none,High school diploma,communication/verbal/tex,none,none,none,none,none,https://jobs.51job.com/chengdu-whq/125365407.html?s=01&t=0
China,Beijing Zhirui Bochuang Technology Co. LTD,Technology Co. LTD,"guangzhou,zhina",china,6--9,none,High school diploma,knowledge about law,none,none,none,none,pressured  environment,none
China,"Shanghai Kezhirui talent Consulting Co., LTD",Human Resource company,"shijiangzhuang,china",china,5--6,none,college degre(computer/map),data analyze/ Logical thinking/pc,none,none,none,none,none,https://jobs.51job.com/shijiazhuang/120003659.html?s=01&t=0
China,Guangzhou Chuanyu Information Technology Co. LTD,Technology Co. LTD,"guangzhou,zhina",china,none,none,Bachelor degree（journalism,Highly alert to politically sensitive issues/pc,none,none,none,none,none,https://jobs.51job.com/guangzhou-yxq/121843686.html?s=01&t=0
China,Shenzhen Tianchuangjin Technology Co. LTD,Technology Co. LTD,"shenzheng,china",china,4--8,none,college degre(language),language/problem solving/teamwork/ respensibility,六天制，早晚轮班，早班-8:00~17:30（午休1.5H） 晚班-14:00~22:00,none,none,none,none,https://jobs.51job.com/shenzhen-nsq/124644845.html?s=01&t=0
China,Sichuan Hazelway Technology Co. LTD,Technology Co. LTD,"chengdu,china",china,4.5-6,none,college degre(language),Highly alert to politically sensitive issues/Discriminant ability,超长带薪年假（7天带薪年假+8天带薪病假）,none,none,none,none,https://jobs.51job.com/chengdu-slq/124634819.html?s=01&t=0
China,Guizhou Qingquanyang Technology Co. LTD,Technology Co. LTD,"guiyang,chia",china,6--8,none,college degre,"sensitivity to current events and bad content/Reading ability /
Understanding ability",none,none,none,none,pressured  environment,https://jobs.51job.com/guiyang/119342260.html?s=01&t=0
China,Sichuan Langtaotao Information Technology Co. LTD,Technology Co. LTD,"wuxi,china",china,4.5-6,none,college degre,verbal/communication/sensitivity to current events,none,none,none,none,"pressured  environment/violence, sexual content",https://jobs.51job.com/wuxi-bhq/123383909.html?s=01&t=0
China,Sichuan Langtaotao Information Technology Co. LTD,Technology Co. LTD,"wuhan,china",china,4.5-7,none,Bachelor degree,sensitivity to current events/verbal/text/communication/law/respensibility,9:00-12:00 14:00-18:00，中午休息两小时，享受国家节法定假日、带薪年假及其他带薪假期。,none,none,none,none,https://jobs.51job.com/wuhan/122347329.html?s=01&t=0
China,bilibili,Human Resource company,wuhu，china,china,3--5,none,college degre,communication,做一休一，月休15天！,none,none,none,none,https://jobs.51job.com/wuhu-jjq/125404773.html?s=01&t=0
China,xiaohonghu/Chengdu Cailian Information Technology Co. LTD,Human Resource company,"chengdu,china",china,3-4.5,none,college degre,communication/Logical thinking/problem solving/detail/respensibility,none,none,none,none,none,https://jobs.51job.com/chengdu-lqyq/126287092.html?s=01&t=0
China,Guangzhou Yixiu Cloud Computing Co. LTD,Internet company,,china,none,none,"college degre(Computer application, network marketing, copywriting and other related majors",detail/respensibility/verbal/communication,none,none,none,none,none,https://jobs.51job.com/guangzhou-yxq/121344745.html?s=01&t=0
China,soul/Renrui Talent Technology Group Co. LTD,Human Resource company,"shanghai,china",china,4.5-6,none,college degre,none,none,none,none,none,none,https://jobs.51job.com/shanghai-pdxq/124696357.html?s=01&t=0
China,Beijing Boli Kechuang Electronic Technology Co. LTD,Technology Co. LTD,"shanghai,china",china,6--8,none,college degre,none,none,none,none,none,pressured  environment,none
China,Chengdu Dahong Zhiyu Technology Co. LTD,Technology Co. LTD,"chengdu,china",china,4.5-6,none,High school diploma,Highly alert to politically sensitive issues/sensitivity to current events,none,none,none,none,none,https://jobs.51job.com/chengdu-chq/125903045.html?s=01&t=0
China,Guangzhou Youfan Technology Co. LTD,Technology Co. LTD,"foshan,china",china,4--6,none,High school diploma,Highly alert to politically sensitive issues/sensitivity to current events/law/respensibility/teamwork/verbal/communication,none,none,none,none,none,https://jobs.51job.com/foshan-nhq/119053071.html?s=01&t=0
China,yiche.co,Internet company,"beijing,china",America,6--8,none,college degre,Highly alert to politically sensitive issues/sensitivity to current events/pc/teamwork/detail/respensibility,none,none,none,none,none,https://jobs.51job.com/beijing-hdq/124651865.html?s=01&t=0
China,Xi 'an Li Yun Yi Lu Information Technology Co. LTD,Technology Co. LTD,"xian,china",china,6--9,none,college degre,communication/detail/respensibility/teamwork/logical,none,none,none,none,none,https://jobs.51job.com/xian-blq/120382997.html?s=01&t=0
China,"Guangzhou Meiguang Shengshi Technology Co., LTD",Technology Co. LTD,"guangzhou,zhina",china,3--7,none,college degre,pc/language/communication/problem solving,none,none,none,none,pressured  environment,https://jobs.51job.com/guangzhou-thq/126573191.html?s=01&t=0
China,Anhui Haoyou E-commerce Co. LTD,consulting,"anhui,china",china,4.5-6,none,High school diploma,pc/language/communicatiob/respensibility,none,none,none,none,pressured  environment,https://jobs.51job.com/hefei-ssq/126272891.html?s=01&t=0
China,字节/Beijing Jiyun Interactive Technology Co. LTD,Technology Co. LTD,"xian,china",china,4.5-7,none,none,sensitivity to current events,none,none,none,none,none,https://jobs.51job.com/xian/120017304.html?s=01&t=0
China,"Sichuan Jinduo Technology Co., LTD",Internet company,"chongq,china",china,4.5-6,none,college degre,sensitivity to current events,none,none,none,none,pressured  environment,https://jobs.51job.com/chongqing-yzq/122045542.html?s=01&t=0
China,Hangzhou Egg-Egg Voice Technology Co. LTD,Computer software,"hangzhou,china",china,5--8,none,college degre,communication/teamwork,none,none,none,none,none,https://jobs.51job.com/hangzhou-bjq/119177933.html?s=01&t=0
China,"baidu,/Hebei Wantu Computer Technology Co. LTD",Internet company,"tangshan,china",china,3--5,none,college degre,bc/law/sensitivity to current events,none,none,none,none,none,https://jobs.51job.com/tangshan/123988845.html?s=01&t=0
China,Chengdu Guxi Enterprise Management Co. LTD,consulting,"chendu,china",china,3.5-6,none,Bachelor degree,logical/respensibility/communication/,none,none,none,none,none,https://jobs.51job.com/chengdu-gxq/126376962.html?s=01&t=0
China,"Shanghai Renrui Network Technology Co., LTD",consulting,"shanghai,china",china,4.5-6,none,college degre,logical/respensibility/teamwork/Highly alert to politically sensitive issues,none,none,none,none,pressured  environment,none
China,Titanium Krypton New Media Technology (Quzhou) Co. LTD,Internet company,"quzhou,china",china,4--7,none,college degre,teamwor/pc/communication/critical-thinking/sensitivity to current events,none,none,none,none,none,https://jobs.51job.com/quzhou/125990202.html?s=01&t=0
China,"Changsha Chuangu Information Technology Co., LTD",Technology Co. LTD,"changsha,china",china,4.5-6,none,college degre,language/communication/pc/respensibility,none,none,none,none,pressured  environment,https://jobs.51job.com/changsha-ylq/124695854.html?s=01&t=0
China,Xi 'an Hongren Network Technology Co. LTD,Internet company,"guangzhou,china",china,3.5-4.5,none,college degre,pc/photoshop/detail/respensibility/text,none,none,none,none,none,none
China,"Beijing Momo information technology co., LTD. Chengdu branch",Internet company,"chendu,china",china,0.8-1,none,Bachelor degree,mangement/pc/respensibility/problem solving/teamwork,none,none,none,none,none,https://jobs.51job.com/chengdu-gxq/76942888.html?s=01&t=0
China,Jinan Good future Information Consulting Service Co. LTD,Human Resource company,"wuhu,china",china,4--8,none,college degre,knowledge about ACG/communication,none,none,none,none,none,https://jobs.51job.com/wuhu/120316672.html?s=01&t=0
China,Guangzhou Jinshi Information Technology Co. LTD,Internet company,"guangzhou,china",china,5--7,none,college degre,teamwork/Highly alert to politically sensitive issues/law,none,none,none,none,pressured  environment,https://jobs.51job.com/guangzhou/109374339.html?s=01&t=0
China,Xinhanhai (Wuhan) Electronic Technology Co. LTD,Technology Co. LTD,"wuhan,china",china,4--6,none,college degre,teamwork/detail/respensibility,none,none,none,none,none,https://jobs.51job.com/wuhan-hsq/126391229.html?s=01&t=0
China,Xi 'an Huilong Technology Co. LTD,Technology Co. LTD,"xian,china",china,3.5-6,none,"college degre(Journalism, communication, law, Chinese language and literature, statistics preferred",teamwork/respensibility/pc/judgment,none,none,none,none,none,https://jobs.51job.com/xian-gxjs/126552294.html?s=01&t=0
China,"Jusihong Information Technology Services (Dalian) Co., LTD",Technology Co. LTD,"foshan,china",America,8-8.5,none,college degre,customer focus skills/communication/verbal/text/data analyze/communication/mangement/language/teamwork,none,none,none,none,none,https://jobs.51job.com/foshan-nhq/125896218.html?s=01&t=0
China,Sichuan Qiangping Enterprise Management Consulting Co. LTD,consulting,"chengdu,china",china,4--6,none,college degre,communication/pc,none,none,none,none,none,https://jobs.51job.com/chengdu-lqyq/126266262.html?s=01&t=0
France,HelloFresh,services company,Paris,Paris,none,none,High school diploma,problem-solving skills/creativity/customer relationship management/Knowledge of industry best practices/MS Office/basic pc skills/language/Writing/Copywriting/presentation skill/text edting/communication skill/Literacy/Business communication/Internal communications/customer focus skills/multi-tasking skill/Teamwork,none,none,none,none,none,https://www.hellofresh.com/
France,Asabura,IT,Paris,Paris,28404-34321,none,High school diploma,problem-solving skills/creativity/customer relationship management/Knowledge of industry best practices/web design/MS Office/basic pc skills/language/Writing/Copywriting/text edting/communication skill/Literacy/Internal communications/customer focus skills/Teamwork,none,none,none,none,none,none
France,Malt,IT,Paris,Paris,none,none,Bachelor degree,problem-solving skills/creativity/customer relationship management/Knowledge of industry best practices/MS Office/basic pc skills/Writing/Copywriting/text edting/communication skill/Literacy/Business communication/customer focus skills/multi-tasking skill/Teamwork/web design,none,none,none,none,sensitive,none
Germany,Majorel,customer experiences,"Berlin, Berlin 13629",Germany,2003 € (based on 40h per week,2327$,none,"Excellent Czech or Slovak & English language skills
High awareness of the cultural and political situation in the market/region you will be supporting
An open mind to changing priorities and business processes.
A desire to work in a team-based, fast-paced, international environment where you’ll need to embrace different cultures, nationalities and languages.
Ability to work in flexible shifts (24/7)
EU citizen or holder of a valid work permit for Germany",none,none,none,none,non,https://www.monster.de/jobs/suche/?q=content-moderator&cy=DE&rad=20&intcid=swoop_HeroSearch_DE&jobid=8fde34d4-a1d4-492e-b556-d399ea57c0d7
Germany,Majorel,customer experiences,"Berlin, Berlin 13630",Germany,2004 € (based on 40h per week,2327$,none,"Perfect German knowledge
Good English knowledge
Quick comprehension and good decision-making skills
A high level of awareness of the cultural and political situation in the German-speaking area
Willingness to work in shifts",none,none,none,none,non,https://www.monster.de/jobs/suche/?q=content-moderator&cy=DE&rad=20&intcid=swoop_HeroSearch_DE&jobid=d0cc237f-2cb0-43f9-9673-308a59955ca8
Germany,Majorel,customer experiences,"Berlin, Berlin 13631",Germany,2005 € (based on 40h per week,2327$,none,"Perfect German knowledge
Good English knowledge
Quick comprehension and good decision-making skills
A high level of awareness of the cultural and political situation in the German-speaking area
Willingness to work in shifts",none,none,none,none,non,https://www.monster.de/jobs/suche/?q=content-moderator&cy=DE&rad=20&intcid=swoop_HeroSearch_DE&jobid=51622360-089d-4834-b86c-3d5c406019b3
Germany,Majorel,customer experiences,"Berlin, Berlin 13632",Germany,2006 € (based on 40h per week,2327$,none,German and English skills,none,none,none,none,non,https://www.monster.de/jobs/suche/?q=content-moderator&cy=DE&rad=20&intcid=swoop_HeroSearch_DE&jobid=bbeb8f5c-a2ec-4985-946c-8555171c2c9b
Germany,Competence Call Center Essen GmbH,non,"Essen, Nordrhein-Westfalen，Germany",Germany,non,none,none,"Fluent written and spoken communication skills in Azerbaijani is essential 
Valid working permit for Germany / EU citizenship 
Affinity with online media and social networks 
Strengths in efficiency, accuracy and empathy 
Awareness for current cultural, political and social events 
Goal-oriented and meticulous work approach ",none,Flexibility and willingness to work in shifts in a 24/7 shift system,none,none,non,https://www.monster.de/jobs/suche/?q=content+moderator&where=&rad=20&cy=de&client=&intcid=swoop_HeroSearch&jobid=d21c6487-1125-4140-b8f7-e9aa5e66241f
Germany,Competence Call Center Essen GmbH,non,"Essen, Nordrhein-Westfalen，Germany",Germany,non,none,none,"Fluent written and spoken communication skills in Armenian is essential Valid working permit for Germany / EU citizenship 
Affinity with online media and social networks 
Strengths in efficiency, accuracy and empathy 
Awareness for current cultural, political and social events 
Goal-oriented and meticulous work approach ",none,Flexibility and willingness to work in shifts in a 24/7 shift system,none,none,non,https://www.monster.de/jobs/suche/?q=content+moderator&where=&rad=20&cy=de&client=&intcid=swoop_HeroSearch&jobid=bf40dddf-af22-4701-8b79-de0eed78630a
Germany,Majorel,customer experiences,"Berlin, Berlin 13631",Germany,non,none,none,"Perfect German knowledge
Good English knowledge
Quick comprehension and good decision-making skills
A high level of awareness of the cultural and political situation in the German-speaking area
Willingness to work in shifts",none,none,none,none,non,https://www.monster.de/jobs/suche/?q=content-moderator&cy=DE&rad=20&intcid=swoop_HeroSearch_DE&jobid=51622360-089d-4834-b86c-3d5c406019b3
Germany,Majorel,customer experiences,"Berlin, Berlin 13631",Germany,2001 € (based on 40h per week,2327$,none,"Excellent Dutch & English language skills
High awareness of the cultural and political situation in the market / region you will be supporting
An open mind to changing priorities and business processes.
A desire to work in a team-based, fast-paced, international environment where you'll need to embrace different cultures, nationalities and languages.
EU citizen or holder of a valid work permit for Germany",none,Ability to work in flexible shifts (24/7),none,none,non,https://www.monster.de/jobs/suche/?q=content-moderator&cy=DE&rad=20&intcid=swoop_HeroSearch_DE&jobid=51622360-089d-4834-b86c-3d5c406019b3
Germany,Majorel,customer experiences,"Berlin, Berlin 13631",Germany,2002 € (based on 40h per week,2327$,none,"Excellent Czech or Slovak & English language skills
High awareness of the cultural and political situation in the market / region you will be supporting
An open mind to changing priorities and business processes.
A desire to work in a team-based, fast-paced, international environment where you'll need to embrace different cultures, nationalities and languages.
EU citizen or holder of a valid work permit for Germany",none,Ability to work in flexible shifts (24/7),none,none,non,https://www.monster.de/jobs/suche/?q=content-moderator&cy=DE&rad=20&intcid=swoop_HeroSearch_DE&jobid=51622360-089d-4834-b86c-3d5c406019b3
Germany,Majorel,customer experiences,"Berlin, Berlin 13631",Germany,2003 € (based on 40h per week,2327$,none,"Excellent Danish & English language skills
High awareness of the cultural and political situation in the market / region you will be supporting
An open mind to changing priorities and business processes.
A desire to work in a team-based, fast-paced, international environment where you'll need to embrace different cultures, nationalities and languages.
EU citizen or holder of a valid work permit for Germany",none,Ability to work in flexible shifts (24/7),none,none,non,https://www.monster.de/jobs/suche/?q=content-moderator&cy=DE&rad=20&intcid=swoop_HeroSearch_DE&jobid=51622360-089d-4834-b86c-3d5c406019b3
Germany,Majorel,customer experiences,"Berlin, Berlin 13632",Germany,2004 € (based on 40h per week,2327$,none,"Excellent Danish & English language skills
High awareness of the cultural and political situation in the market / region you will be supporting
An open mind to changing priorities and business processes.
A desire to work in a team-based, fast-paced, international environment where you'll need to embrace different cultures, nationalities and languages.
EU citizen or holder of a valid work permit for Germany",none,Ability to work in flexible shifts (24/7),none,none,non,https://www.monster.de/jobs/suche/?q=content-moderator&cy=DE&rad=20&intcid=swoop_HeroSearch_DE&jobid=51622360-089d-4834-b86c-3d5c406019b3
Germany,Majorel,customer experiences,"Berlin, Berlin 13633",Germany,2005 € (based on 40h per week,2327$,none,"Excellent Danish & English language skills
High awareness of the cultural and political situation in the market / region you will be supporting
An open mind to changing priorities and business processes.
A desire to work in a team-based, fast-paced, international environment where you'll need to embrace different cultures, nationalities and languages.
EU citizen or holder of a valid work permit for Germany",none,Ability to work in flexible shifts (24/7),none,none,non,https://www.monster.de/jobs/suche/?q=content-moderator&cy=DE&rad=20&intcid=swoop_HeroSearch_DE&jobid=51622360-089d-4834-b86c-3d5c406019b3
Germany,Majorel,customer experiences,"Berlin, Berlin 13634",Germany,2006 € (based on 40h per week,2327$,none,"Excellent Danish & English language skills
High awareness of the cultural and political situation in the market / region you will be supporting
An open mind to changing priorities and business processes.
A desire to work in a team-based, fast-paced, international environment where you'll need to embrace different cultures, nationalities and languages.
EU citizen or holder of a valid work permit for Germany",none,Ability to work in flexible shifts (24/7),none,none,non,https://www.monster.de/jobs/suche/?q=content-moderator&cy=DE&rad=20&intcid=swoop_HeroSearch_DE&jobid=51622360-089d-4834-b86c-3d5c406019b3
Germany,Majorel,customer experiences,"Berlin, Berlin 13635",Germany,2007 € (based on 40h per week,2327$,none,"Excellent Danish & English language skills
High awareness of the cultural and political situation in the market / region you will be supporting
An open mind to changing priorities and business processes.
A desire to work in a team-based, fast-paced, international environment where you'll need to embrace different cultures, nationalities and languages.
EU citizen or holder of a valid work permit for Germany",none,Ability to work in flexible shifts (24/7),none,none,non,https://www.monster.de/jobs/suche/?q=content-moderator&cy=DE&rad=20&intcid=swoop_HeroSearch_DE&jobid=51622360-089d-4834-b86c-3d5c406019b3
Indonesia,BIGO ,Telecommunication,Indonesia,Singapore,none,none,none,see in wbsite,5,none,none,illigal,Filtering illegal content,https://www.jobstreet.co.id/en/job/content-monitoring-moderator-8179970/origin/sg?fr=21&searchRequestToken=c79d9ee0-4261-4b38-9b3c-0bafe235e992&sectionRank=1
Indonesia,teleperformance,call centre/IT Sv/BPO,Indonesia,France,none,none,BA,see in wbsite,none,none,none,none,non,https://www.jobstreet.co.id/en/job/social-media-content-moderator-leader-3379346?fr=21&searchRequestToken=c79d9ee0-4261-4b38-9b3c-0bafe235e992&sectionRank=2
Indonesia,teleperformance,call centre/IT Sv/BPO,Indonesia,France,none,none,BA,see in wbsite,none,none,none,none,non,https://www.jobstreet.co.id/en/job/social-media-content-moderator-3379319?fr=21&searchRequestToken=c79d9ee0-4261-4b38-9b3c-0bafe235e992&sectionRank=3
Indonesia,teleperformance,call centre/IT Sv/BPO,Indonesia,France,none,none,BA,see in wbsite,none,none,none,none,non,none
Ireland,TELUS International,Customer Experiences/信息技术和服务,dublin Ireland,USA,non,none,none,"Minimum of 6 months experience in Social Media Content Review
Fluent in the English language
Expert level in using CMS
Strong written and verbal communication skills, attention to detail and ability to manage multiple tasks simultaneously.",none,none,Private medical insurance coverage,none,non,https://ie.indeed.com/cmp/Telus-International/reviews?from=SERP&jt=Content+Moderator+-+Dublin&fromjk=45a483d392270c69&jcid=1a93caa31afcad42&attributionid=cmplinktst2
Ireland,Manpower,Human Resource company,Ireland,USA,"€25,855 - €31,000 a year",none,none,"Key success factors in this position are adaptability and flexibility, ability to focus on relatively repetitive tasks at a computer, good communication skills, an ability to make independent judgement and a problem-solving nature.
you will also need to have a very solid knowledge and understanding of the country where your language is spoken. 
At least upper intermediate English and full fluency in Turkish are required.",none,none,"PMI Private Medical Insurance
Life assurance",none,non,https://ie.indeed.com/viewjob?jk=6ec182e53a181f69&tk=1em9ku1djstiu800&from=serp&vjs=3
Ireland,Manpower,Human Resource company,Ireland,USA,"€25,855 - €31,000 a year",none,none,"Self-starter attitude with the ability to work in a dynamic environment.
Highly motivated, tenacious and detail-oriented.
A keen interest for the role.
Proficiency in English (verbal and written).
Proficiency in French (verbal and written).
Must have lived in the country, i.e., France.
Must be based in Ireland by September.
EU Citizenship or Stamp 4 Visa.??????",none,none,"health insurance, 
life assurance, 
tax saver scheme",none,non,https://ie.indeed.com/viewjob?jk=4687676e5772dc64&tk=1em9ku1djstiu800&from=serp&vjs=3
Ireland,Manpower,Human Resource company,Ireland,USA,"€26,679 - €31,500 a year",none,none,"Self-starter attitude with the ability to work in a dynamic environment.
Highly motivated, tenacious and detail-oriented.
A keen interest for the role.
Proficiency in English (verbal and written).
Proficiency in Hebrew (verbal and written).
Must have lived in the country, i.e., France.
Must be based in Ireland by September.
EU Citizenship or Stamp 4 Visa.??????",none,none,"health insurance, 
life assurance, 
tax saver scheme",none,non,https://ie.indeed.com/viewjob?jk=7c64ef134d39d844&tk=1em9ku1djstiu800&from=serp&vjs=3
Ireland,Manpower,Human Resource company,Ireland,USA,"€26,885 - €32,500 a year",none,none,"Self-starter attitude with the ability to work in a dynamic environment.
Highly motivated, tenacious and detail-oriented.
A keen interest for the role.
Proficiency in English (verbal and written).
Proficiency in German (verbal and written).
Must have lived in the country, i.e., France.
Must be based in Ireland by September.
EU Citizenship or Stamp 4 Visa.??????",none,none,"health insurance, 
life assurance, 
tax saver scheme",none,non,https://ie.indeed.com/viewjob?jk=f6172ff092ac0148&tk=1em9ku1djstiu800&from=serp&vjs=3
Ireland,Abrivia,零售,Ireland,Ireland,non,none,none,"Fluency or near fluency in German
English proficiency and comprehension
Experience in administration desirable but not required
Strict attention to detail
Excellent interpersonal skills",none,none,none,none,none,none
Ireland,CPL,recruitment,Ireland,Ireland,"25,198 - €31,521 a year",none,none,"Finnish
Bengali
Maghreb
Chinese Cantonese
Arabic
Indonesian
Danish",none,none,none,none,none,https://ie.indeed.com/viewjob?cmp=CPL-Recruitment&t=Content+Moderator&jk=0f1049542c95e6ea&q=content+moderator&vjs=3
Ireland,CPL Recruitment,recruitment,Ireland,Ireland,"€27,000 a year",none,none,"Fluency in English and one of the languages listed below:
Finnish
Eligibility to work full-time in Ireland (e.g. EU Passport OR Stamp 4 OR Stamp 1G)
Candidates must be fully confident in viewing and managing sensitive social media content
Cultural understanding of the market/region
Attention-to-detail
Communication and Organisational skills
Problem-solving skills",none,"Day shift: 9.00am - 5.30pm, OR
Evening shift: 6.00pm - 2.00am (+25% increment on wage + Transport Bonus)",Healthcare and Pension Contributions,none,sensive,https://ie.indeed.com/viewjob?cmp=Cpl&t=Content+Moderator&jk=ae1e147a0dc374d8&q=content+moderator&vjs=3
Malaysia,Career International,job platform,Malaysia,China,"MYR 3,800 – MYR 4,500 (M)",none,none,"Thai (Native Speaker)
experience in a LPO/Regulatory work 
Awareness of current affairs and events
Mature & analytical",24/7 rotational shift,none,Medical insurance,none,no,https://www.jobstore.com/my/post/2562957/content-moderator-native-thai
Malaysia,Career International,job platform,Malaysia,China,none,none,none,"Japan (Native speaker) / Korean (Native speaker)
Analyze risk level of incidents",24/7 rotational shift,none,Medical insurance,none,no,https://www.jobstore.com/my/post/2562710/content-moderator-korean-japanese-native-speaker
Malaysia,Career International,job platform,Malaysia,China,"MYR 7,000 – MYR 9,000 (M)",none,none,"Minimum with 1 year experience in Content Moderator
Japan (Native speaker) / Korean (Native speaker)
experience in a LPO/Regulatory work
Awareness of current affairs and events
Mature & analytical 
High on team work",24/7 rotational shift,none,Medical insurance,none,no,https://www.jobstore.com/my/post/2562917/content-reviewer-content-moderator-korean-japanese-native
Malaysia,Career International,job platform,Malaysia,China,none,none,none,Nationality: Japan (Native speaker) / Korean (Native speaker),24/7 rotational shift,none,Medical insurance,none,no,https://www.jobstore.com/my/post/2562818/content-moderator-korean-japanese-native-in-malaysia
Malaysia,Career International,job platform,Malaysia,China,none,none,none,"(Korean, Japanese, Thai, Vietnam) *NATIVE*
Minimum with 1 year experience in Content Moderator
experience in a LPO/Regulatory work
Awareness of current affairs and events
Mature & analytical 
High on team work",24/7 rotational shift,none,Medical insurance,none,no,https://www.jobstore.com/my/post/2562669/content-reviewer-content-moderator-korean-japanese-thai-vietnam-native
Malaysia,Career International,job platform,Malaysia,China,"MYR 3,500 – MYR 4,000（M）",none,none,"Mandarin Speaker
Good command over verbal & written English language
experience in a LPO/Regulatory work
Awareness of current affairs and events
Mature & analytical
High on team work",none,none,Medical insurance,none,no,https://www.jobstore.com/my/post/2562197/content-moderatorcontent-review-mandarin-speaker
Malaysia,Career International,job platform,Malaysia,China,"MYR 3,500 – MYR 5,000（M）",none,none,"Mandarin Speaker
Good command over verbal & written English language
experience in a LPO/Regulatory work
Awareness of current affairs and events
Mature & analytical
High on team work
Work From Home",24/7 rotational shift,none,none,none,no,https://www.jobstore.com/my/post/2561501/content-review-moderatormandarin-speaker
Malaysia,Career International,job platform,Malaysia,China,none,none,none,"Korean & Japanese Native in Malaysia
Minimum with 1 year experience in Content Moderator",24/7 rotational shift,none,Medical insurance,none,no,https://www.kerjaya.my/job/2562818/content-moderator-korean-japanese-native-in-malaysia
Malaysia,Career International,job platform,Malaysia,China,"MYR 3,000 – MYR 5,000 (M)",none,none,"INDONESIAN/TAGALOG/VIETNAMESE/THAI SPEAKERS
Good command over verbal & written English  language
experience in a LPO/Regulatory work
Awareness of current affairs and events
Mature & analytical
High on team work",24/7 rotational shift,none,none,none,no,https://www.jobstore.com/my/post/2561292/content-review-moderator-indonesiantagalogvietnamesethai-speakers
Malaysia,Career International,job platform,Malaysia,China,"MYR 3,500 – MYR 5,000 (M)",none,none,"Indonesia/Tagalog/Thai/Vietnam (Spouse Visa)
Analyze risk level of incidents",none,none,Medical insurance,none,no,https://www.jobstore.com/my/post/2561232/content-moderator-indonesiatagalogthaivietnam-spouse-visa
Malaysia,Career International,job platform,Malaysia,China,"MYR 3,500 – MYR 4,000 (M)",none,none,"Native Language (Read/Speak)
Good command over verbal & written English  language
experience in a LPO/Regulatory work
Awareness of current affairs and events
Mature & analytical
High on team work",24/7 rotational shift,none,none,none,no,https://www.jobstore.com/my/post/2561053/content-review-moderatorurgent-hiring
Malaysia,Career International,job platform,Malaysia,China,"MYR 3,200 – MYR 4,000（M）",none,none,"Native Language (Read/Speak)
Good command over verbal & written English  language
experience in a LPO/Regulatory work
Awareness of current affairs and events
Mature & analytical
High on team work",24/7 rotational shift,none,none,none,no,https://www.jobstore.com/my/post/2560951/content-review-moderator-200-headcountskl-sentralimmediate-joiner
Malaysia,Career International,job platform,Malaysia,China,none,none,none,"Minimum with 1 year experience in Content Moderator
Japan (Native speaker) / Korean (Native speaker)
experience in a LPO/Regulatory work
Awareness of current affairs and events
Mature & analytical 
High on team work",24/7 rotational shift,none,Medical insurance,none,no,https://www.jobstore.com/my/post/2560096/content-moderatorcontent-reviewer-korean-japanese-native-in-malaysia
Malaysia,Career International,job platform,Malaysia,China,none,none,none,"Oromo / Amharic
daily data analysis
Analyze the risk level of incidents and assess",24/7 rotational shift,none,none,none,no,https://www.jobstore.com/my/post/2559806/content-moderator-oromo-amharic
Malaysia,Career International,job platform,Malaysia,China,"MYR 3,800 – MYR 4,000 (M)",none,none,"respond via applicable channels: email, chat, and callbacks
following Facebook documented call flows
English and native language",none,none,none,none,no,https://www.jobstore.com/my/post/2558905/content-moderatorthai
Malaysia,Career International,job platform,Malaysia,China,"MYR 3,800 – MYR 4,400 (M)",none,none,"respond via applicable channels: email, chat, and callbacks
following Facebook documented call flows
English and Thai language",none,none,none,none,no,https://www.jobstore.com/my/post/2557953/content-moderatorthai-speaker
Brazil,Besedo,IT,Brazil,Sweden,none,none,none,language/communication/teamwork/analytical/computer,weekends and holidays,shifts work including night shift,none,none,fast-paced environment,https://www.indeed.com.br/jobs?q=moderator&l&vjk=305de3fe03752531
Brazil,Besedo,IT,Brazil,Sweden,none,none,none,language/ quick decisions / attention to details / Caring about people /Previous experience in content moderation,none,none,Health Insurance,none,no,https://www.indeed.com.br/jobs?q=moderator&l&vjk=309bd7ce0ea54dbe
Australia,Jobactive,job search,AUS,,none,none,A Bachelor degree in a similar area.,"Management/intellection（detail attention)/Design(photo, audio and video editing software)/photography",none,none,none,none,no,https://www.adzuna.com.au/details/1760221443?se=tMpGo0AZ6xGRK-0JDIKBNQ&v=F04EE1B023E7F4BB2A4D69DC920684DDEB066FCE
Australia,TBWA Worldwide,PR agencies,AUS,USA,none,none,none,data analyse/digital marketing/communication skill,none,none,none,none,no,https://www.adzuna.com.au/details/1772143394?se=tMpGo0AZ6xGRK-0JDIKBNQ&v=C3CFF620C471AA7CC10402521C9649EBD4F78617
Australia,Abacus Finance,Finance,AUS,USA,none,none,none,"consulting, writing, editing (photo/video/text), presentation and communication skills/web design/language",none,none,none,none,1Moderate all user-generated content in line with the moderation policy for each community,https://www.gumtree.com.au/s-ad/haymarket/marketing-assistants/intern-of-admin-marketing-assistant-mortgage-company/1255565719
Philippines,TaskUs,IT-Enabled Services/BPO,Taguig （Philippines）,America,none,none,Bachelor's/College Degree,none,Monday - Friday,full time,none,the primary prevention of mental health concerns ,"
Child exploitation and abuse
Animal torture
Gang Violence
Murder
Hate Speech",none
Philippines,TaskUs,IT-Enabled Services/BPO," 
                 

Quezon （Philippines）",America,none,none,Bachelor's/College Degree,none,Monday - Friday,full time,none,the primary prevention of mental health concerns ,"
Child exploitation and abuse
Animal torture
Gang Violence
Murder
Hate Speech",none
Philippines,"AGlobal Care, Inc.",BioTechnology/Pharmaceutical/Clinical research,Parañaque （Philippines）,Philippines,none,18k-20k,Bachelor's/College Degree/  Preferably with 1-4 years of relevant experience as Digital Marketing/ Social Media Content Moderator or equivalent,"Fluent in English/Photoshop skill is a plus
Knowledge of the latest Facebook / Instagram algorithm is advantage/Excellent interpersonal skills, verbal and written communication skills/CAN START IMMEDIATELY!",Monday - Saturday,full time,"Medical, Loans, Health Card,",none,none,none
Philippines,Tech Mahindra Ltd.,Call Center/IT-Enabled Services/BPO,Kuala Lumpu（Philippines）,America,none,"PHP 70,000 - PHP 90,000",Bachelor's/College Degree/  Preferably with 1-4 years of relevant experience as Digital Marketing/ Social Media Content Moderator or equivalent,"1-4 Years Experienced Employee/Proficient in Japanese Language with reading, written and verbal expertise in language being selected for. Also needs to be fluent in English.
Japanese Language N2 or N1 certified
Have lived in Japan for at least 2 years - with strong cultural affinity
Must possess cultural affinity on the specific language being hired, Must have a good knowledge like a Native on the cultural and other traditional aspects about the country the language has mainly originated from.
Basic level computer handling skills along with a typing speed of 25-30 words per minute is required.
Excellent in verbal & written communication.
Strong sense of logical reasoning with decision making.
",Monday - Friday,full time,Health Insurance,none,none,none
Philippines,AGENSI PEKERJAAN SELPEO SDN. BHD.,Human Resources Management / Consulting,Philippines（Philippines）,Philippines,none,7k-8k令吉MYR,Bachelor’s degree ,"Open to Korean Natives
Must be willing to work in shifting schedules (24/7)
No experience needed for degree holders
Required language(s): English, Korean",Monday - Friday,Must be willing to work in shifting schedules (24/7),Annual Leaves/Medical Leaves,none,none,none
Philippines,MicroSourcing,Call Center/IT-Enabled Services/BPO,Philippines,Philippines,none,"PHP 60,000 - PHP 70,000",Bachelor’s degree ,"Quality Assurance/Quality Control experience is preferred but not required.
Strong ability in written and spoken English.
Strong computer skills.
Knowledge of web browser network monitoring tools not required, but nice to have.
Able to work independently and meet targets and deadlines.
Never be afraid to ask questions or to request help.
Ability to think logically and escalate issues based on severity.
Willing to work on a shifting schedule
Have atleast 25mbps of internet connection",Monday - Friday,none,none,none,none,none
Philippines,"NABEPERO PHILIPPINES, INC.",Computer / Information Technology (Software),Cebu（Philippines）,Philippines,none,"11,000-15,000 PHP",Bachelor's/College Degree,"General computer skills
General communication skills (both written & oral)
High concentration.
Great eye for detail and highly motivated
Team player
Time management skills: must be able to perform tasks quickly and accurately
Excellent organizational skills with attention to detail
Plus if you know Japanese",Monday - Friday,10:00 AM-7:00 PM,"Dental, Miscellaneous allowance, Medical, Loans",none,none,none
Philippines,MicroSourcing,Call Center/IT-Enabled Services/BPO,Philippines,Australia,none,"PHP 60,000 - PHP 90,000",Bachelor’s degree ,"Quality Assurance/Quality Control experience is preferred but not required.
Strong ability in written and spoken English.
Strong computer skills.
Knowledge of web browser network monitoring tools not required, but nice to have.
Able to work independently and meet targets and deadlines.
Never be afraid to ask questions or to request help.
Ability to think logically and escalate issues based on severity.
Willing to work on a shifting schedule
Have atleast 25mbps of internet connection",Monday - Friday,none,none,none,none,none
Philippines,Offshoring/BPO,"Services, Customer Service",Philippines,Philippines,none,"PHP 60,000 - PHP 90,000",Bachelor's/College Degree,"ery familiar with:
○ Mainland Chinese culture and Taiwanese culture
o Not required but a bonus - Familiar with Cantonese culture
○ Internet and video game culture ○ Modern, Chinese slang and conventions
• Highly developed sense of integrity and commitment to community safety.
• Demonstrated passion for excellence with understanding their actions impact not only single users but an entire online community.
•  Ability to communicate clearly and professionally, both verbally and in writing.
• Ability to stay focused, professional and accurate when reviewing large amounts of text.
• Be able to maturely and professionally review a wide variety of text.
• Strong self-organization, decision making and analytical abilities.
• Strong detail orientation and communication/listening skills.
• Possess a strong work ethic and team player mentality.",Monday - Friday,none,none,none,"Violent, explicit, pornographic, disturbing.  ",none
South africa,Ackermans ,fashion,South aferica,USA,none,none,none,none,none,none,none,none,none,none
South africa,Language Recruiters ,none,South aferica,South aferica,none,none,none,Language(german/english)/computer technology/management skills/reasoning and analytical skills/Creativity Ability,Able to provide services on a 247 shift rotation,none,none,none, exposure to sensitive content,https://www.adzuna.co.za/details/1778989014?v=C66D4BC57E65E8D12223CAD7B6DC7D1F11084343&utm_source=linkedin2&utm_medium=organic&chnlid=898
South africa,Language Recruiters ,none,South aferica,South aferica,"216,000 per year",none,none,Language(Norwegian/english)/communication and listening skills/team player,Able to provide services on a 247 shift rotation,none,none,none,none,https://www.careerjet.co.za/jobad/zac7e002262913e4a52199b7d6209f69fb
South africa,Language Recruiters ,none,South aferica,South aferica,"R200,000",none,none,language(english/Arabic)/communication skills/attention to detail/organizational skills/MS Office,none,none,none,none,none,none
South africa,confidencial,international BPO,South aferica,South aferica,none,none,none,"Native German speaker and fluent in English- computer technology- Team player / strong problem solving /conflict management skills;
Friendly proactive attitude/great communicator / troubleshooting skills;
Good reasoning/analytical skills- Planning & Organizing - Good multi-tasking and typing skills- Creativity",Able to Important Company services on a 24 / 7 shift rotation,none,none,none, please note that these tasks might involve exposure to sensitive content,https://neuvoo.co.za/view/?jpos=&jp=1&l=&id=3bc3876198c3&lang=en&newjob=1&context=serp&testid=challenger&nb=true&reqid=89ccc77041a604d0afc0a1ccddb0eca0&source=neuvoosearch
Unite Kingdom,transcosmos,social media platforms,uk,,"
16,469 PA",none,BA/BS,problem-solving skills/critical-thinking/language(URDU)/attention to detail/Demonstrated systematic thought,none,none,none,none,"Validating, investigating and responding to inquiries of an urgent or sensitive nature within established guidelines./ability to operate in a pressured and fast paced environment is essential.",https://www.adzuna.co.uk/jobs/details/1693640826?se=0r4Ts58b6xGn0IlFR3ESeQ&v=F045A387AA4C0DF0542F789B0DB418A32C666370
Unite Kingdom,transcosmos,social media platforms,uk,,18077,none,BA/BS,problem-solving skills/critical-thinking/language(URDU)/attention to detail/Demonstrated systematic thought,none,none,none,none,"Validating, investigating and responding to inquiries of an urgent or sensitive nature within established guidelines./ability to operate in a pressured and fast paced environment is essential.",https://www.adzuna.co.uk/jobs/details/1692082899?se=0r4Ts58b6xGn0IlFR3ESeQ&v=DBBC8627EDE674988E2BC33E9BC06981E7B15848
Unite Kingdom,transcosmos,social media platforms,uk,,18323,none,BA/BS,problem-solving skills/critical-thinking/language(URDU)/attention to detail/Demonstrated systematic thought,none,none,none,none,"Validating, investigating and responding to inquiries of an urgent or sensitive nature within established guidelines./ability to operate in a pressured and fast paced environment is essential.",https://www.adzuna.co.uk/jobs/details/1693640589?se=0r4Ts58b6xGn0IlFR3ESeQ&v=4EE50DDF09EDA7AD7347CB6701B3B7EDCD54980A
Unite Kingdom,WOODROW MERCER ASSOCIATES LLP,Specialist Recruitment Agency,uk,,£24k - 28k per year,none,none,"Writing, editing",none,none,none,none,none,https://www.totaljobs.com/job/community-officer/woodrow-mercer-associates-llp-job90976612?WT.mc_id=A_RE_ADZPPC_MP1_C33_30_TJ&utm_source=adzuna&utm_medium=adzuna
Unite Kingdom,"
Google",none,uk,usa,none,none,Bachelor's degree,data analysis/problem solving/mangement/process design,none,none,none,none,none,https://www.adzuna.co.uk/jobs/details/1763184267?se=xveUSaEb6xGn0IlFR3ESeQ&v=FCE0420078E59646F210DB510D4D340D6FC4B31B
Unite Kingdom,"
UNUM",insurance company,uk,usa,none,none,none,communication skills/Negotiating skills/problem solving/Relationship management /customer focus skills,none,none,"24/7 health support services (including a remote GP), income protection, health cash plan, 27 days annual leave, opportunity to participate in charitable events and more.",none,none,https://www.adzuna.co.uk/jobs/details/1769112671?se=2i3I_aEb6xGn0IlFR3ESeQ&v=AFCC0D16AD33A4D83DDDC0C360A81ED3E08D3379
Unite Kingdom,Talingual,none,,,"£1,300 - £1,400/month",none,none,"communication skills/language(eng,Hebrew)/technical or customer support",This is 24x7 operation which requires you to do a mix of day and night shifts ,none,none,none,none,none
Russia,KamaGames Studio,Game plantform,Russia,Russia,none,none,none,"Perseverance, punctuality/easy learning",none,"轮班工作时间表，2/2：16：00-00：00（Сменный график работы, 2/2: 16:00-00:00)",none,none,"
Stress tolerance",none
Russia,БКС Брокер,financial service company,Russia,Russia,none,none,higher education,"Copywriting
Teamwork
Customer relationship management
Editorial activity
SMM",none,none,none,none,none,https://hh.ru/vacancy/39802934?query=%D0%BC%D0%BE%D0%B4%D0%B5%D1%80%D0%B0%D1%82%D0%BE%D1%80%20%D0%BA%D0%BE%D0%BD%D1%82%D0%B5%D0%BD%D1%82%D0%B0
Russia,ООО Симба Тойз Рус,none,Russia,,от 35 000 до 40 000 руб.,none,none,"Excel/data analyze/monotonous work/search engines;
",none,График работы 5\2;,none,none,none,https://hh.ru/vacancy/39598102?query=%D0%BC%D0%BE%D0%B4%D0%B5%D1%80%D0%B0%D1%82%D0%BE%D1%80%20%D0%BA%D0%BE%D0%BD%D1%82%D0%B5%D0%BD%D1%82%D0%B0
Russia,СберАвто,car buy,Russia,Russia,none,none,none,"Knowledge of the Auto Market
Attention to details
responsibility
Perseverance/
Working with a large amount of information",none,none,none,none,none,https://hh.ru/vacancy/40061253
Russia,"АО ЛАНИТ 

",digital communications agency,Russia,Russia,none,none,none,"Literacy
Business communication
Internal communications
Strategic thinking
Searching for information on the Internet",none,Работа в удаленном формате в графике 2/2 с 9 до 21.,none,none,iron resistance to stress.,https://hh.ru/vacancy/4005443
Russia,ООО Системы Комплексной Безопасности ,none,Russia,Russia,от 30 000 до 55 000 руб,none,none,"Grammatically correct speech
PC user
Literacy
Consulting
Business conversation
Searching for information on the Internet
Consulting clients ",none,"5/2
с 10 до 19",none,none,none,https://hh.ru/vacancy/40099209
Russia,BrandMonitor,LegalTech company,Russia,Russia,25000,none,none,"MS PowerPoint
Teamwork
Grammatically correct speech
Working with databases
Working with a large amount of information",none,44092,40hours/week,none,none,https://hh.ru/vacancy/39632746?query=%D0%9C%D0%BE%D0%B4%D0%B5%D1%80%D0%B0%D1%82%D0%BE%D1%80
Russia,"ООО Оскели Групп 
", clothing and footwear marketplace,Russia,Russia,50 000 руб,none,none,Brand management,none,Working day 10:00 to 19:00;,none,none,none,https://hh.ru/vacancy/39990845?query=%D0%9C%D0%BE%D0%B4%D0%B5%D1%80%D0%B0%D1%82%D0%BE%D1%80
Russia,Kefir Studio,computer game developer,Russia,Russia,none,none,none,"English - C1 - Advanced
Proofreading of texts
Grammatically correct speech
Writing texts
Creativity
Social networks
Business communication
Maintaining groups on social networks
Gamedev
SMM",none,none,Medical service (VHI),Possibility to choose a personal psychologist,none,https://hh.ru/vacancy/39416183?query=%D0%9C%D0%BE%D0%B4%D0%B5%D1%80%D0%B0%D1%82%D0%BE%D1%80
Russia,"Malina Digital Agency 
",none,Russia,Russia,от 20 000 до 25 000 руб,none,none,"Grammatically correct speech
PC user
Teamwork
Literacy
Interpersonal skills
Customer relationship management
Social networks
Maintaining groups on social networks",none,Work schedule 2/2 from 11:00 to 23:00 ,none,none,none,https://hh.ru/vacancy/40028457?query=%D0%9C%D0%BE%D0%B4%D0%B5%D1%80%D0%B0%D1%82%D0%BE%D1%80
Russia,"ТОО Triumph Pret a Porter 
",none,Russia,Russia,до 150 000 KZT,none,none,"Adobe Photoshop
MS Outlook
MS PowerPoint
The photo
Teamwork
Telephone conversations
Consulting clients by phone
Working with databases
Working with a large amount of information
PC user
Internet sales
Searching for information on the Internet",none,Work schedule 6/1 from 10:00 to 20:00,none,none,none,https://hh.ru/vacancy/39614275?query=%D0%9C%D0%BE%D0%B4%D0%B5%D1%80%D0%B0%D1%82%D0%BE%D1%80
Russia,"GDC (ICL Services) 

",IT,Russia,Russia,21450,none,none,"Literacy
Mindfulness
Learnability
PC user
Result orientation",none,schedule 2/2 from 9:00 to 21:00;,none,none,none,https://hh.ru/vacancy/38087885?query=%D0%9C%D0%BE%D0%B4%D0%B5%D1%80%D0%B0%D1%82%D0%BE%D1%80
Russia,"Talapai.kz 

",none,Russia,Russia,none,none,none,"Adobe Photoshop
Filling content
Internet
Searching for information on the Internet
PC user
Image processing
Working with a large amount of information",none,none,none,none,none,https://hh.ru/vacancy/39843872?query=%D0%9C%D0%BE%D0%B4%D0%B5%D1%80%D0%B0%D1%82%D0%BE%D1%80
Russia,"GDC (ICL Services) 

",IT,Russia,Russia,23278,none,none,"Literacy
A responsibility
PC user
Mindfulness",none,none,none,none,none,https://hh.ru/vacancy/38025836?query=%D0%9C%D0%BE%D0%B4%D0%B5%D1%80%D0%B0%D1%82%D0%BE%D1%80
Russia,Mail.ru Group ,Internet,Russia,Russia, 180 rubles / hour;,none,none,"computer experience 
music and video content CMS-admins of sites, website content;
content creation and editing skills;
perseverance, attentiveness;
Analytical mind;
","willingness to work at night, on weekends and holidays./remote employment at home during day and night shifts (12 hours each);",none,none,none,none,https://hh.ru/vacancy/38927914?query=%D0%9C%D0%BE%D0%B4%D0%B5%D1%80%D0%B0%D1%82%D0%BE%D1%80
Russia,"Yandex 

",service,Russia,Russia,32000,none,higher or incomplete higher education;,"responsibility and punctuality;
self-discipline;
literacy, attention to detail;
excellent computer skills;",full working 8-hour day from Tuesday to Saturday ,none,none,none,none,https://hh.ru/vacancy/40010596?query=%D0%9C%D0%BE%D0%B4%D0%B5%D1%80%D0%B0%D1%82%D0%BE%D1%80
Portugal,Blu Selection,Technical Customer Service,"	Lisbon",Portugal,none,990💲,none,"a fluent level of Italian + a good level on English/ up to date regarding Social Media/motivated and committed to your work/have excellent communication and listening skills/ a team player and willing to work with many other nationalities   Reviewing content (videos, image, text, and audio) in accordance with policies
– Responding to customer inquiries regarding Trust & Safety actions, such as abuse reports and enforcement appeals
– Ensuring user and brand safety",full time (40h/week) on rotating shifts; 24/7," – 8am-4pm: 8.215,45€ 
 – 4pm-12pm: 9.974,65€
 – 12pm-8am: 9.719,77€",none,none,"Involve extensive exposure to sensitive content, including but not limited to vulgar content, violence, pornography and fake news.",https://www.jobcoconut.com/jobs/content-moderator-m-slash-w-slash-d-6
Portugal,Blu Selection,Technical Customer Service,        Lisbon,Portugal,none,990💲,none,"a fluent level of Dutch + a good level on English/ up to date regarding Social Media/motivated and committed to your work/have excellent communication and listening skills/ a team player and willing to work with many other nationalities   Reviewing content (videos, image, text, and audio) in accordance with policies
– Responding to customer inquiries regarding Trust & Safety actions, such as abuse reports and enforcement appeals
– Ensuring user and brand safety",full time (40h/week) on rotating shifts; 24/8," – 8am-4pm: 8.215,45€ 
 – 4pm-12pm: 9.974,65€
 – 12pm-8am: 9.719,77€",none,none,"Involve extensive exposure to sensitive content, including but not limited to vulgar content, violence, pornography and fake news.",none
Portugal,Blu Selection,Technical Customer Service,"	Lisbon",Portugal,none,990💲,none,"a fluent level of Swedish + a good level on English/ up to date regarding Social Media/motivated and committed to your work/have excellent communication and listening skills/ a team player and willing to work with many other nationalities   Reviewing content (videos, image, text, and audio) in accordance with policies
– Responding to customer inquiries regarding Trust & Safety actions, such as abuse reports and enforcement appeals
– Ensuring user and brand safety",full time (40h/week) on rotating shifts; 24/9," – 8am-4pm: 8.215,45€ 
 – 4pm-12pm: 9.974,65€
 – 12pm-8am: 9.719,77€",none,none,"Involve extensive exposure to sensitive content, including but not limited to vulgar content, violence, pornography and fake news.",none
Portugal,Blu Selection,Technical Customer Service,"	Lisbon",Portugal,none,990💲,none,"a fluent level of Norwegian + a good level on English/ up to date regarding Social Media/motivated and committed to your work/have excellent communication and listening skills/ a team player and willing to work with many other nationalities   Reviewing content (videos, image, text, and audio) in accordance with policies
– Responding to customer inquiries regarding Trust & Safety actions, such as abuse reports and enforcement appeals
– Ensuring user and brand safety",full time (40h/week) on rotating shifts; 24/10," – 8am-4pm: 8.215,45€ 
 – 4pm-12pm: 9.974,65€
 – 12pm-8am: 9.719,77€",none,none,"Involve extensive exposure to sensitive content, including but not limited to vulgar content, violence, pornography and fake news.",none
Portugal,Blu Selection,Technical Customer Service,"	Lisbon",Portugal,none,990💲,none,"a fluent level of French + a good level on English/ up to date regarding Social Media/motivated and committed to your work/have excellent communication and listening skills/ a team player and willing to work with many other nationalities   Reviewing content (videos, image, text, and audio) in accordance with policies
– Responding to customer inquiries regarding Trust & Safety actions, such as abuse reports and enforcement appeals
– Ensuring user and brand safety",full time (40h/week) on rotating shifts; 24/11," – 8am-4pm: 8.215,45€ 
 – 4pm-12pm: 9.974,65€
 – 12pm-8am: 9.719,77€",none,none,"Involve extensive exposure to sensitive content, including but not limited to vulgar content, violence, pornography and fake news.",none
Portugal,Blu Selection,Technical Customer Service,"	Lisbon",Portugal,none,990💲,none,"a fluent level of Finnish + a good level on English/ up to date regarding Social Media/motivated and committed to your work/have excellent communication and listening skills/ a team player and willing to work with many other nationalities   Reviewing content (videos, image, text, and audio) in accordance with policies
– Responding to customer inquiries regarding Trust & Safety actions, such as abuse reports and enforcement appeals
– Ensuring user and brand safety",full time (40h/week) on rotating shifts; 24/11," – 8am-4pm: 8.215,45€ 
 – 4pm-12pm: 9.974,65€
 – 12pm-8am: 9.719,77€",none,none,"Involve extensive exposure to sensitive content, including but not limited to vulgar content, violence, pornography and fake news.",none
Portugal,Blu Selection,Technical Customer Service,"	Lisbon",Portugal,none,990💲,none,"a fluent level of Dannish + a good level on English/ up to date regarding Social Media/motivated and committed to your work/have excellent communication and listening skills/ a team player and willing to work with many other nationalities   Reviewing content (videos, image, text, and audio) in accordance with policies
– Responding to customer inquiries regarding Trust & Safety actions, such as abuse reports and enforcement appeals
– Ensuring user and brand safety",full time (40h/week) on rotating shifts; 24/11," – 8am-4pm: 8.215,45€ 
 – 4pm-12pm: 9.974,65€
 – 12pm-8am: 9.719,77€",none,none,"Involve extensive exposure to sensitive content, including but not limited to vulgar content, violence, pornography and fake news.",none
Portugal,Multilingual Jobs Worldwide,"	
Creative/Design
IT Support
Marketing
Tourism and Customer care",        Lisbon,Portugal,none,1200💲,none,"Native level of Hebrew
Business fluency in English
EU passport or work permit for Portugal already held",fulltime,none,Private health insurance,none,none,none
United States,Teleperformance,digitally integrated business services," TX,USA",france,Monthly Bonuses $200.00 to $2000.00 ,none,High School Graduate or GED,Logical skill / Basic PC skill,Availability to work various shifts,none,"Full Benefits (Medical, Dental, Vision, 401k and more)",none,none,none
United States,Atrium Staffing,digital media company,"NJ,USA",USA,$45K-$50K,none,"Bachelor’s degree required in English, Marketing, Communicators or related field","communication skills
",none,none,"Medical, dental, vision
PTO",none,none,https://jooble.org/jdp/8752933844632295849/CONTENT-MODERATOR-Little-Falls%2C-NJ?ckey=content+moderator&rgn=-1&pos=5&elckey=-741790963506332018&p=1&sid=-4029730480839132951&age=263&relb=100&brelb=100&bscr=9241.131&scr=9241.131&iid=-646164471121721329
United States,Indeed.com, job site,"TX,USA",USA,12666-16000,none,"Bachelor's Degree in Computer Science, Information Systems, or a closely related field preferred, ", data analysis/Code skill(MySQL),none,none,none,none,none,https://www.austinjobsite.com/jobs/search?id=1336737866&tx=JZ10009UTI&pt=1&aff=403FB5B9-9B50-4C9F-980C-16354D7E0970&utm_source=Job+Feed&utm_medium=appcast&utm_campaign=LU&utm_term=403FB5B9-9B50-4C9F-980C-16354D7E0970&txo=CU3348TUT&rgv=3&mlp=1
United States,Intellipro Group Inc,IT services and HR solutions,Texas，USA,USA,none,none,Bachelor’s degree ,Langusge(mulible language),Must have availability to work various shifts,none,Medical,none,none,https://jooble.org/desc/-3799816958850960581?ckey=content+moderator&rgn=-1&pos=3&p=1&age=615&brelb=100&recId=-5141496144923024196&iRecId=-4365929527365628729
United States,Nexstar Media Group,television and media company,"WI,USA",USA,none,none,broadcast lawA degree in journalism or a related field is required.,Basic PC skill/Design skill/Code skill(basic code/html/cms)/data analyse/Law(对版权/广播法律有深刻理解),none,none,none,none,none,none
United States,Accenture,global professional servicescompany,"TX,USA",Ireland,none,none,High School Graduate,Basic PC skills/communication skll/time mangemant/information collection(机密信息收集和管理),"Abilityto work holidays and weekends, including rotating shifts as directed by theirteam and is subject to change",none,Medical Resources,none,none,http://www.diversityworkers.com/jobs/search?id=1287145102&tx=VZ5974TYT&pt=1&aff=403FB5B9-9B50-4C9F-980C-16354D7E0970&utm_source=Job+Feed&utm_medium=appcast&utm_campaign=DE&utm_term=403FB5B9-9B50-4C9F-980C-16354D7E0970&txo=CU3348TUT&rgv=3&mlp=1
United States,New Relic，Inc.,technology company,USA,USA,none,none,Bachelor’s degree ,web technologies/web design/G-Suite integration/data analyze,none,none,none,none,none,https://jooble.org/jdp/6009060957004394366/Intranet-Moderator-%26-Enablement-Specialist-Portland%2C-OR?ckey=content+moderator&rgn=-1&pos=123&elckey=-360551441502758753&p=8&sid=2270913362801919905&age=837&relb=100&brelb=100&bscr=10057.1428571429&scr=10057.1428571429&iid=-3080312480456535728
United States,Citi Communications,PR,USA,USA,none,none,Bachelor degree (Public Relations٫  Marketing٫ Communications),organizational skills/communication skills,none,none,none,none,none,https://jobs.smartrecruiters.com/TheTradingClub/743999721475071-social-media-specialist
United States,Sports mants,none,USA,USA,none,none,Bachelor degree (Marketing),communication skills/time-management,none,none,none,none,none,https://jobs.smartrecruiters.com/Sportsmants1/743999722733241-public-relations-assistant
United States,"	Togo Group",technology platform,USA,USA,none,none,Bachelor degree ,communication skills/attention to detail/Code skill,none,none,none,none,none,https://diversityjobs.com/jobsearch/display/725666265?utm_medium=export&utm_source=appcastsinglesmultimanualdj&utm_campaign=appcastsinglesmultimanualdj&utm_content=1&pk_campaign=export&pk_kwd=appcastsinglesmultimanualdj&ccuid=28056887828
United States,TEKsystems，Inc,none,USA,USA,none,none,Bachelor degree ,data skills/communication skill/organizational skill/attention to detail/,none,none,none,none,none,https://www.careerbuilder.com/job/J3W1YG69TYDP72X6LVR?siteid=sep_adz001__&utm_source=adzuna&utm_medium=aggregator&utm_campaign=computer-and-information-systems-managers%20-%20AOTEST2&utm_content=28056888396
United States,Crystal Equation,Marketing,USA,USA,none,none,none,communication skills/Basic PC skill/analytical skills/multitasking skills/,none,none,none,none,none,https://jobs.crystalequation.com/index.smpl?arg=jb_details&POST_ID=5411593&rid=Adzuna&utm_source=adzuna&utm_medium=adzuna
United States,Global Healing,Marketing,USA,USA,none,none,"Bachelor degree (Marketing, Advertising, Digital Media)",communication skills/design skills/data analyze/management/time-management,none,none,none,none,none,https://apply.workable.com/globalhealing/j/932C995BD1/
United States,Snap Inc.,camera company,USA,USA,none,none,Bachelor degree ,"communication skills/management/issue tracking software(JIRA, Zendesk)",none,none,none,none,none,https://www.adzuna.com/details/1780488650?se=DrYPrkoZ6xGLFZ2XMdFRsA&v=8D389201BE47B8D1E1C5610FED4ABB987A5B287F
United States,facebook,internet,USA,USA,none,none,"Bachelor degree （law, journalism, policy, international relations, international development, business, corporate social responsibility, or equivalent field）",language/management,none,none,none,none,none,https://www.adzuna.com/details/1699045228?se=dpL6lE0Z6xGLFZ2XMdFRsA&v=9D4092B8B91AF3A7BEC785827910C294C6D9825F
United States,"
Hawkit",Internet app,USA,USA,"$40,000.00 - $55,000.00 per year",none,specialist,communication skills/design skill/code,none,none,none,none,none,https://www.adzuna.com/details/1785749321?se=dpL6lE0Z6xGLFZ2XMdFRsA&v=35871DD547BA30BB302FD9A3217381A9A7B422FB
United States,Intuit,Information Technologies,USA,USA,none,none,"Bachelor’s degree (in Psychology, Marketing, Communications, or a related field)",communication skills/mangement/data analyze/,none,none,none,none,none,https://www.ivyexec.com/job-opening/senior-engagement-manager/san-diego/california/usa?job_id=7830243&ref=AZLL&promo=AZLL&utm_source=adzuna&utm_medium=adzuna
United States,"Genesis10,",U.S. business and technology consulting firm,"MI,USA",,none,none,Bachelor’s degree ,Basic PC skill/data analyse/communication skill/decision-making ability/Law policy,none,none,none,none,1-Ability to work flexibly and to exercise good judgement in a high-pressure environment.,https://www.dice.com/jobs/detail/25317a4539db600d57805d4a1d855240?src=32&utm_source=appcast&utm_medium=aggregator&utm_campaign=jooble
United States,Genesis10,Internet job,USA,USA,none,none,Bachelor degree ,Basic PC skill/communication skill/intellection/attention to detail/time-management,May require working non-traditional hours such as weekends or evenings.,none,none,none,1urgency,https://www.dice.com/jobs/detail/25317a4539db600d57805d4a1d855240?src=32&utm_source=appcast&utm_medium=aggregator&utm_campaign=adzuna&ppt=eyJhbGciOiJIUzI1NiJ9.eyJwcF9uYW1lIjoiYXBwY2FzdCIsImVwb2NoIjoxNjAzOTA3NzYyLCJzcmNfaWQiOjEwMDY0MiwiY2xpY2tfaWQiOiJhbEM4MTBZWjZ4R1VBaTQ4YTc2TmZnIn0.oMex_jhtxqeT5ZP91UzWYdphaJ8x3en9-2HI7S1pgw8
United States,Trust＆Safety,Internet job,USA,USA,none,none,Bachelor degree ,communication skills/time-management/Basic PC skil,none,none,none,none,1urgency,https://www.careerbuilder.com/job/J2S4SY6TS5M9DHH4VQS?siteid=sep_adz001__&utm_source=adzuna&utm_medium=aggregator&utm_campaign=empty-company-group&utm_content=28057121142
United States,ModSquad,none,"Sacramento, CA",USA,none,none,none,Basic PC skill,none,none,none,none,3 MUST be comfortable with inappropriate/aggressive content,https://jooble.org/jdp/-2817322178370368691/Video-Game-Content-Moderator-Sacramento%2C-CA?ckey=content+moderator&rgn=-1&pos=2&p=1&age=1202&brelb=100&recId=-5141496144923024196&iRecId=-1898019634721123622
United States,Twitch,global community ,"CA,USA",USA,none,none,none,communication skills/language(德语/英语）/Code skill/Law,none,none,"Medical, Dental, Vision & Disability Insurance* 401(k)* Maternity & Parental Leave* Flexible PTO* ",none,"4 - address sensitive content that may be graphic, violent or hateful, including offensive or derogatory language or other potentially unpleasant material",https://www.nexxt.com/jobs/search?id=1321065633&tx=KL5573FGI&pt=1&aff=403FB5B9-9B50-4C9F-980C-16354D7E0970&utm_source=Job+Feed&utm_medium=appcast&utm_campaign=LU&utm_term=403FB5B9-9B50-4C9F-980C-16354D7E0970&txo=CU3348TUT&rgv=3&mlp=1
United States,Intellipro Group Inc,IT services and HR solutions,"CA,USA",USA,none,none,High School Diploma (BS - good to have),"communication skills/Langusge(Native in English)/Logical skill

",Ability to work differing work rotations/shifts and non-standard work hours.,none,none,none,"4-Must be comfortable reviewing sensitive content, including graphic pornography, violence, drug use, child abuse, etc.",https://jooble.org/desc/6722381725001788358?ckey=content+moderator&rgn=-1&pos=13&elckey=-741790963506332018&p=1&sid=-4029730480839132951&age=1763&relb=100&brelb=100&bscr=7481.6895&scr=7481.6895&iid=-3226190672083174816
United States,"
IntelliPro Group Inc.",IT services and HR solutions companies,USA,USA,none,none,Bachelor degree ,language/investigating and reviewing digital content,none,none,none,none,4(invasive/disruptive content),https://www.adzuna.com/details/1663429655?se=puKDMUMZ6xGUAi48a76Nfg&v=2F0104185AD3E14E97162FC893DB48432B952F1E
United States,BOLD Testing,none,USA,USA,none,none,a high school diploma ,interpersonal skills/communication skills/empathy/awareness of political and social situations ,none,none,none,none,"4violence, sexual content, and political transparency",https://applicant.mightyrecruiter.com/jobs/apply/content-moderator-at-bold-testing-in-guaynabo-guaynabo-c2f9e2ce219895dcc7800b26264af606?utm_source=adzuna&utm_medium=organic&utm_campaign=&utm_content=58962-content%20moderator-224735-na&utm_term=free-board&fp=f
United States,Intellipro Group Inc,IT services and HR solutions,USA,USA,none,none,Bachelor’s degree ,language/,none,none,none,none,"Ability to work through invasive/disruptive content
",https://jooble.org/desc/503504270970808368?ckey=content+moderator&rgn=-1&pos=94&elckey=-360551441502758753&p=6&sid=2270913362801919905&age=1552&relb=100&brelb=100&bscr=10416.6666666667&scr=10416.6666666667&iid=-9162503675965434338
United States,Keywords Studios,game,USA,Canada,$14.00-$17.00 per hour (depending on shift),none,none," communication skills/language/attention to detail/fast, albeit thorough, reading skills/",Availability to work from 3 p.m to 11 p.m EST/EDT including Sunday's.,none,none,none,debatable content and edge case scenarios,https://jooble.org/desc/-3301207196084438353?ckey=content+moderator&rgn=-1&pos=113&elckey=-360551441502758753&p=7&sid=2270913362801919905&age=505&relb=100&brelb=100&bscr=10087.7192982456&scr=10087.7192982456&iid=6055987516440937601
United States,TikTok Inc.,internet,USA,CHINA,none,none,none,MS Office skills/language/attention to detail/ analytical and research skills,none,none,none,none,"maintain a high degree of confidentiality while meeting strict deadlines.
",https://jooble.org/jdp/-7311592090681264569/Ads-Moderation-Specialist-Austin%2C-TX?ckey=content+moderator&rgn=-1&pos=92&elckey=-360551441502758753&p=6&sid=2270913362801919905&age=1663&relb=100&brelb=100&bscr=10476.1904761905&scr=10476.1904761905&iid=2066291035384236137
United States,Indeed.com, job site,TX，USA,USA,"Full-time$150,000 - $190,000 a year2 hours ago Benefits - Unlimited paid time off",none,"Bachelor's Degree in Computer Science, Information Systems, or a closely related field preferred",decision-making ability / communication skills / language / data analysis,none,none,"Medical, Dental, Vision & Disability Insurance",none,none,https://jooble.org/desc/-4109813871712367413?ckey=content+moderator&rgn=-1&pos=3&p=3&age=170&brelb=115&recId=5968754684354976540&iRecId=1771777100696809908
United States,yotube,internet,USA,USA,none,none,none,none,none,none,none,none,none,none
Mexico,Bigo,none,"ciudad,mexico",,none,"$16,000 - $18,000",college degree,language,none,none,none,none, illegal/sensitive,https://mx.jooble.org/desc/-1231328850869261801?ckey=content+moderador&rgn=0&pos=1&elckey=885023635696343469&p=1&sid=-6558086067209471384&age=178&relb=100&brelb=100&bscr=48868.5058828362&scr=48868.5058828362&iid=6568420083927113048
Turkey,Scorp Inc.,social media,Tukey,Tukey/USA,none,none,Bachelor degree,language/communication/written/teamwork/problem sollvingf,none,none,none,none,none,https://www.yenibiris.com/is-ilani/icerik-moderatoru/910316
Spain,majorel,service,spain,China tiktok,none,none,college/hoghschool,language,none,none,none,none,"abusive, violent or other inappropriate content/offended",https://www.infojobs.net/barcelona/crm-italian-content-moderator-part-time-barcelona/of-i24402448e64104b523e570d3b78456?applicationOrigin=search-new&page=1&sortBy=RELEVANCE
Spain,majorel,service,Barcelona (España),China tiktok,none,none,college/hoghschool,Knowledge of industry best practices/language,none,none,none,none,"abusive, violent or other inappropriate content/offended",none