N,individual,channelTitle,videoTitle,videoDescription,mentioned,videoCategoryLabel,viewCount,likeCount,dislikeCount,commentCount,popularity,popSum
1,,The Verge,Inside the traumatic life of a Facebook moderator,"Former Facebook content moderators are speaking out about their working conditions in the United States for the first time ever. The Verge traveled to Tampa, FL, to visit Facebook__ worst-performing content moderation site and learn about what life is like for hundreds of moderators. They told us that the office is filthy, the work is grim, and the side effects of doing the job last long after it is over. Earlier this year, The Verge__ Casey Newton broke the story about the working conditions of Facebook moderators in Phoenix, AZ. Newton published a followup today revealing that the pattern of severe workplace conditions extends to a second campus in Tampa, FL, but in even more extreme ways. You can read the full exclusive here: http://bit.ly/2IqQHqb You can find Casey__ piece from earlier this year here: http://bit.ly/2WSKvA9 Reporter: Casey Newton Producer: Phil Esposito Camera: Vjeran Pavic Editor: Mark Zemel Audio: Andrew Marino Graphics: Grayson Blackmon Production Coordinator: Meg Toth Executive Producer: Eleanor Donovan, Nilay Patel Director of Audience Development: Ruben Salvadori Social Media Manager: Dilpreet Kainth Subscribe: http://goo.gl/G5RXGs Like The Verge on Facebook: https://goo.gl/2P1aGc Follow on Twitter: https://goo.gl/XTWX61 Follow on Instagram: https://goo.gl/7ZeLvX Why'd You Push That Button Podcast: https://pod.link/1295289748 The Vergecast Podcast: https://pod.link/430333725 More about our podcasts: https://www.theverge.com/podcasts Read More: http://www.theverge.com Community guidelines: http://bit.ly/2D0hlAv Wallpapers from The Verge: https://bit.ly/2xQXYJr Subscribe to Verge Science on YouTube, a new home base for our explorations into the future of science: http://bit.ly/2FqJZMl",Facebook,Science & Technology,1388232,59893,3315,5199,68407,222441
2,,BBC News,It's the worst job and no-one cares' - BBC Stories,The release of Facebook's content moderation guidelines has drawn attention to the difficult work of those whose job it is to review the material. The company says psychological help is available to all its moderators 24 hours a day. Angus Crawford spoke to one woman about the impact of a job where you look at some of the worst material the web has to offer. Please subscribe HERE http://bit.ly/1rbfUog,Facebook,News & Politics,1025557,23315,2029,6208,31552,
3,,Y-Kollektiv,"Content Moderator*innen: Sie l√∂schen die Videos auf Social Media, die Du nicht sehen sollst","Triggerwarnung vorab: Im folgenden Film geht es in Ausz√ºgen um Tierqu√§lerei, Misshandlung, Kinderpornografie, Suizid-Gedanken und Depressionen. Falls Ihr davon selbst betroffen seid oder Erfahrungen damit gemacht habt und Hilfe ben√∂tigt, findet Ihr Informationen zu Beratungsstellen weiter unten in der Infobox. ------------------------------- Jede Minute werden √ºber acht Stunden Videomaterial auf YouTube hochgeladen. Darunter auch h√∂chst verst√∂render und illegaler Content: Kindesmissbrauch, Tierqu√§lerei, Folter. Damit Nutzer*innen von den krassesten Bildern verschont bleiben, gibt es sogenannte Content Moderator*innen. Sie sichten im Auftrag der gro_en Plattformen Videos und Fotos und entscheiden, was gel√∂scht wird. Auch in Deutschland machen Menschen diese Arbeit. Manche Content Moderator*innen, auch Cleaner genannt, zerbrechen unter der psychischen Belastung. Reporterin Leonie Sontheimer hat √ºber ein halbes Jahr mit zehn Content Moderator*innen gesprochen und zwei vor der Kamera interviewt. Sie treten nur anonym auf, denn eigentlich haben sie sich vertraglich dazu verpflichtet, nichts von ihrem Job zu erz√§hlen. Doch nicht alle Content Moderator*innen halten sich an die Verschwiegenheitserkl√§rungen. Chris Gray, der in Irland Facebook-Content gepr√ºft hat, ist an die _ffentlichkeit gegangen und fordert vor Gericht Schmerzensgeld. Auch mit ihm spricht Leonie in diesem Beitrag. Was macht dieser Job mit den Menschen? Wie gehen sie mit den Bildern um, die sie tagt√§glich sehen? ------------------------------- Reporterin: Leonie Sontheimer Schnitt: Henrik Paro Kamera: Ilhan Coskun, Dario Z√∂ller, Martin Benedix Vertonung: Franziska Kirchner ------------------------------- Notfallnummern bei Depressionen und anderen psychischen Notfall-Situationen: TelefonSeelsorge in Deutschland +49 (0)800 111 0 111 (geb√ºhrenfrei) 116111 - Die Nummer gegen Kummer https://www.nummergegenkummer.de/ ------------------------------- PETA: Tierqu√§lerei melden: Seien Sie ein Held f√ºr die Tiere: https://www.peta.de/whistleblower PETA Deutschland Whistleblower Formular: https://peta.forms-db.com/view.php?id=36682 ------------------------------- Mehr Informationen zu dem Thema: Wenn Ihr selbst als Content-Moderator*in gearbeitet habt oder arbeitet, k√∂nnt Ihr Euch hier juristisch beraten lassen: https://www.foxglove.org.uk/ Vice-Artikel, in dem auch Chris Gray auftaucht: https://www.vice.com/en_us/article/a35xk5/facebook-moderators-are-suing-for-trauma-ptsd Interview mit einer Content Moderatorin auf fluter.de: https://www.fluter.de/interview-mit-facebook-cleanerin S√ºddeutsche Zeitung: Content Moderation. Die Arbeit l√§sst sich nicht einfach ins Home-Office verlagern: https://www.sueddeutsche.de/digital/coronavirus-facebook-google-content-moderation-1.4859147-2 Deutschlandfunk Kultur: Content Moderation f√ºr Facebook. Mehr als ein Mensch ertragen kann: https://www.deutschlandfunkkultur.de/content-moderator-fuer-facebook-mehr-als-ein-mensch.2147.de.html?dram:article_id=471337 S√ºddeutsche Zeitung: Drei Monate H√∂lle: https://sz-magazin.sueddeutsche.de/abschiedskolumne/drei-monate-hoelle-84379 WDR: Journalismus, der etwas bewirkt: ""The Cleaners"": https://www1.wdr.de/unternehmen/der-wdr/unternehmen/the-cleaners-130.html Heise online: Bericht fordert 30 000 eigene Content-Moderatoren von Facebook: https://www.heise.de/hintergrund/Bericht-fordert-30-000-eigene-Content-Moderatoren-von-Facebook-4779111.html. tagesschau: Nach Sammelklage. Facebook entsch√§digt Inhalt-Pr√ºfer: https://www.tagesschau.de/wirtschaft/facebook-entschaedigung-101.html Vice: In Moderation. How Facebook Trains Content Moderators: https://www.vice.com/en_asia/article/43z7gj/facebook-content-moderators ------------------------------- Musik aus dem Film: Alice Phoebe Lou _ Society // Rhye _ Feel Your Weight // Bonobo, Rhye _ Break Apart // Rhye _ Stay Safe ------------------------------- Du m√∂chtest ein Thema vorschlagen? Schreib uns: kommentare@y-kollektiv.de -------------------------------- Wir sind das Y-Kollektiv! - ein Netzwerk von jungen JournalistInnen. In unseren Web-Reportagen zeigen wir die Welt, wie wir sie erleben. Recherche machen wir transparent. _ Hier kannst Du uns ABONNIEREN: https://goo.gl/8yBDdh _ FACEBOOK: https://www.facebook.com/YKollektiv/ _ TWITTER: https://twitter.com/Y_Kollektiv _ INSTAGRAM: https://www.instagram.com/y_kollektiv/ -------------------------------- _ #ykollektiv geh√∂rt zu #funk: YouTube: http://youtube.com/funkofficial funk Web-App: http://go.funk.net Facebook: https://www.facebook.com/funk/ _ Eine Produktion der sendef√§hig GmbH",Youtube Tiktok Facebook Twitter,Film & Animation,718700,25889,1121,5369,32379,
4,,Project Veritas,"Facebook Content Moderator: 'If Someone__ Wearing MAGA Hat, I'm Going to Delete Them for Terrorism'",Newsletter: https://www.veritasupdate.com Website: http://projectveritas.com/ Facebook: https://www.facebook.com/ProjectVeritas Twitter: https://twitter.com/Project_Veritas Buy James O__eefe__ book: http://www.americanpravdabook.com,Facebook,News & Politics,699307,49636,454,9226,59316,
5,,The Verge,Google and YouTube moderators speak out,"Google is known for being one of the best places to work. But for the many content moderators working for Google and YouTube, the job is traumatic. And even the best workplace conditions don__ make up for the fact that many moderators suffer long term psychological consequences of doing this job. The Verge traveled to Washington, DC and Austin, TX to speak to a former full time google moderator and to current YouTube contract moderators to see how their experiences compare. Following his investigations on Facebook, The Verge__ Casey Newton reports on the working conditions and side effects of scrubbing the internet of __iolent extremism_ content at Google and YouTube. You can read the full exclusive here: http://bit.ly/2PqraAV You can find Casey's story about the working conditions of Facebook moderators in Phoenix, AZ here: http://bit.ly/2IqQHqb Subscribe: http://goo.gl/G5RXGs Like The Verge on Facebook: https://goo.gl/2P1aGc Follow on Twitter: https://goo.gl/XTWX61 Follow on Instagram: https://goo.gl/7ZeLvX Why'd You Push That Button Podcast: https://pod.link/1295289748 The Vergecast Podcast: https://pod.link/430333725 More about our podcasts: https://www.theverge.com/podcasts Read More: http://www.theverge.com Community guidelines: http://bit.ly/2D0hlAv Wallpapers from The Verge: https://bit.ly/2xQXYJr Subscribe to Verge Science on YouTube, a new home base for our explorations into the future of science: http://bit.ly/2FqJZMl",Youtube,Science & Technology,479865,10354,468,810,11632,
6,,Internet Today,Facebook Content Moderators are Getting PTSD - TechNewsDay,"Sponsored by Vincero - Get 15% off your order at https://vincerowatches.com/technewsdayfeb with promo code: NEWSDAY & Sponsored by Squarespace - Start a free trial at http://squarespace.com/newsday and get 10% off your first purchase with promo code; NEWSDAY _ Please consider supporting us on Patreon: https://www.patreon.com/InternetToday _ Follow us on Twitter: http://twitter.com/RickyFTW http://twitter.com/EliotETC http://twitter.com/InternetTodayTV _ The people in charge of making sure terrible things don__ show up on Facebook are understandably not doing so great... _ Sources: _ Facebook moderators are losing their minds https://www.theverge.com/2019/2/25/18229714/cognizant-facebook-content-moderator-interviews-trauma-working-conditions-arizona https://gizmodo.com/report-facebook-moderators-are-routinely-high-and-joke-1832870719 _ Facebook is cool with marketing to naz*s https://www.latimes.com/business/technology/la-fi-tn-facebook-nazi-metal-ads-20190221-story.html https://gizmodo.com/of-course-1832798696 https://www.engadget.com/2019/02/21/facebook-ad-targeting-nazi-leaders/ _ YouTube demonetizing antivax content https://www.buzzfeednews.com/article/carolineodonovan/youtube-just-demonetized-anti-vax-channels https://gizmodo.com/youtube-pulls-ads-from-anti-vaccination-videos-that-vio-1832846745 _ YouTube not restricting ads based on comments? https://www.theverge.com/2019/2/22/18236688/youtube-ads-comment-section-monetization-child-predatory-adpocalypse-policy https://gizmodo.com/youtubes-commenter-controversy-is-putting-creators-in-a-1832835236 _ YouTube is deleting child exploitation channels https://www.engadget.com/2019/02/21/youtube-removes-channels-comments-child-exploitation/ https://www.theverge.com/2019/2/21/18234494/youtube-child-exploitation-channel-termination-comments-philip-defranco-creators https://www.theverge.com/2019/2/21/18234889/youtube-ads-child-exploitation-solution-monetization-adpocalypse-moderation https://arstechnica.com/tech-policy/2019/02/youtube-loses-advertisers-over-wormhole-into-pedophilia-ring/ _ Hawaii missile scare report https://www.cdc.gov/mmwr/volumes/68/wr/mm6807a2.htm?s_cid=mm6807a2_w#modalIdString_CDCTable_0 _ Laura Loomer is at it again https://www.theverge.com/2019/2/22/18236819/laura-loomer-twitter-protest-ban-conservative-censorship _ Remember ETC Show? Well, say hello to Internet Today, the newest and best channel on YouTube with all the same stuff you love and hopefully a whole lot more. _ Music Bed Courtesy of Monstercat - Title: Shark City by Stephen Walking Video Link: https://www.youtube.com/watch?v=BQQupaQbiVY iTunes Link: https://itunes.apple.com/ca/album/shark-city-single/id904035777",Facebook Youtube Microsoft,Comedy,94117,3563,56,355,3974,
7,,KinoCheck Indie,THE CLEANERS Teaser Trailer German Deutsch (2018),"Offizieller ""The Cleaners"" Teaser Trailer Deutsch German 2018 | Abonnieren _ http://abo.yt/kc | (OT: The Cleaners) Movie #Trailer | Kinostart: 17 Mai 2018 | Filminfos https://KinoCheck.de/film/gr2/the-cleaners-2018 ""The Cleaners"" enth√ºllt eine gigantische Schattenindustrie digitaler Zensur in Manila, dem weltweit gr√∂_ten Outsourcing-Standort f√ºr Content Moderation. Dort l√∂schen zehntausende Menschen in zehn Stunden Schichten im Auftrag der gro_en Silicon Valley-Konzerne belastende Fotos und Videos von Facebook, YouTube, Twitter & Co. Komplexe Entscheidungen √ºber Zensur oder Sichtbarkeit von Inhalten werden so an die __ontent Moderatoren_ outgesourct. Die Kriterien und Vorgaben, nach denen sie agieren, ist eines der am besten gesch√ºtzten Geheimnisse des Silicon Valleys. Die Grausamkeit und die kontinuierliche Belastung dieser traumatisierenden Arbeit ver√§ndert die Wahrnehmung und Pers√∂nlichkeit der Content Moderatoren. Doch damit nicht genug. Ihnen ist es verboten, √ºber ihre Erfahrungen zu sprechen. Parallel zu den Geschichten von f√ºnf Content Moderatoren erz√§hlt der Film von den globalen Auswirkungen der Onlinezensur und zeigt wie Fake News und Hass durch die Sozialen Netzwerke verbreitet und verst√§rkt werden. Die utopische Vision einer vernetzten globalen Internetgemeinde wird endg√ºltig zum Alptraum, wenn hochrangige ehemalige Mitarbeiter der Sozialen Netzwerke Einblicke in die Funktionsweisen und Mechanismen der Plattformen geben. Durch gezielte Verst√§rkung und Vervielf√§ltigung jeglicher Art von Emotionen, werden die Plattformen zu gef√§hrlichen Brandbeschleunigern, die soziale, politische und gesellschaftliche Konflikte anheizen und die drohende Spaltung unserer Gesellschaft vorantreiben. #TheCleaners leihen/kaufen _ http://amzo.in/s/The-Cleaners Die aktuell beliebtesten Filme _ http://amzo.in/bestmovies Die meist gew√ºnschten Filme _ http://amzo.in/moviereserve Die neuesten Game Trailers _ http://youtube.com/Spiele Note | The Cleaners german trailer courtesy of Farbfilm Verleih. | All Rights Reserved. | http://amzo.in sind Affiliate Links. Bei einem Kauf √§ndert sich f√ºr euch nichts, aber ihr unterst√ºtzt dadurch unsere Arbeit. | KinoCheck¬Æ",not mention,Entertainment,75890,436,10,40,486,
8,,VICE News,How Facebook Decides If You See Nudity or Death (HBO),"Facebook employs 4,500 content moderators around the world. Moderators get two weeks of training and a stack of manuals to help them police the site for racism, misogyny, violence, and pornography. VICE__ partners at The Guardian obtained more than a hundred of these manuals and they offer the first-ever look at the sometimes logical, sometimes inexplicable ways Facebook asks a few thousand people to help patrol its close to 2 billion users. This segment is part of the May 23rd VICE News Tonight episode. Watch VICE News Tonight on HBO Mondays through Thursdays at 7:30 PM ET. Subscribe to VICE News here: http://bit.ly/Subscribe-to-VICE-News Check out VICE News for more: http://vicenews.com Follow VICE News here: Facebook: https://www.facebook.com/vicenews Twitter: https://twitter.com/vicenews Tumblr: http://vicenews.tumblr.com/ Instagram: http://instagram.com/vicenews More videos from the VICE network: https://www.fb.com/vicevideo",Facebook,News & Politics,49259,899,71,130,1100,
9,,Field of Vision,Field of Vision - The Moderators,"In an office in India, a cadre of Internet moderators ensures that social media sites are not taken over by bots, scammers, and pornographers. The Moderators shows the humans behind content moderation, taking viewers into the training process that workers go through in order to become social media__ monitors. Directed by Ciaran Cassidy and Adrian Chen See more from Field of Vision here: fieldofvision.org",not mention,People & Blogs,45057,660,15,76,751,
10,,BBC Three,Policing The Web's Darkest Corners: The Internet's Dirtiest Secret,"7,000 miles from Silicon Valley in downtown Manila, a secret team of content moderators have a target of 25,000 Facebook, Google and Twitter posts to delete each day. Trawling through the world__ most violent, disturbing and highly contentious online material - in the form of terrorist videos, child sex abuse, self-harm material and political propaganda - 'the cleaners' are individually responsible for deciding what stays online and what gets removed. You can watch the full documentary The Internet's Dirtiest Secret on the BBC Three iPlayer page here: https://www.bbc.co.uk/programmes/m0003f2f -- Click here to subscribe to BBC Three: http://bit.ly/BBC-Three-Subscribe Did you know that we__e up to other things in other places too? Best of BBC Three: www.bbc.co.uk/bbcthree iPlayer: http://www.bbc.co.uk/tv/bbcthree Twitter: http://www.twitter.com/bbcthree Facebook: http://www.facebook.com/bbcthree Instagram: http://instagram.com/bbcthree Tumblr: http://bbcthree.tumblr.com Oh, we__e on Snapchat too - just incase you were wondering_ add us, bbcthree.",Youtube Facebook Twitter,Entertainment,44307,897,24,104,1025,
11,,Al Jazeera English,Scrubbing the net: The content moderators - The Listening Post,"The Listening Post - Scrubbing the net: The content moderators (Feature) Many social media users assume that content moderation is automated, that when an inappropriate image or video is uploaded to the net a computer removes it _ whereas, in reality, there are reportedly more than 150,000 content moderators working today. The job description involves sifting through images, videos and text, assessing whether or not the content contravenes their platform's policies. And the work can take its toll. In December last year, two Microsoft employees sued the company, saying that years of content moderating left them with post traumatic stress disorder (PTSD). It can be unpleasant work, but necessary, and many social media companies based in the west outsource it to places like the Philippines or India. But the question is: do they do that responsibly? Or do they just take advantage of the cheap labour with little consideration for the labourer. Contributors: Sarah Roberts, assistant professor, University of California Ben Wells, attorney Ciaran Cassidy, filmmaker Suman Howlader, CEO, Fowie Info Global Solutions More from The Listening Post on: YouTube - http://aje.io/listeningpostYT Facebook - http://facebook.com/AJListeningPost Twitter - http://twitter.com/AJListeningPost Website - http://aljazeera.com/listeningpost",Facebook Microsoft,Entertainment,30131,275,16,62,353,
12,,ist,Content Moderators: Who cleans the Internet?,"There are thousands of people all around the world who watch user generated content as a living. Watching Facebook videos all day long a living, that__ awesome! Right? WRONG! Thousands are exposed to traumatising visuals of murder, rape, suicide and more every day as part of their jobs as moderators. They are the people who clean the internet tirelessly every single day, but isn__ that a little messed up? That__ what I am here to talk about. Links to Further Reading Guardian https://www.theguardian.com/news/2017/may/21/revealed-facebook-internal-rulebook-sex-terrorism-violence https://www.theguardian.com/news/2017/may/24/how-facebook-flouts-holocaust-denial-laws-except-where-it-fears-being-sued Intercept https://theintercept.com/2017/12/30/facebook-says-it-is-deleting-accounts-at-the-direction-of-the-u-s-and-israeli-governments/ Sarah Roberts https://www.theatlantic.com/technology/archive/2017/03/commercial-content-moderation/518796/",Facebook Youtube Microsoft Amazon,News & Politics,27837,185,39,20,244,
13,individual,Karlyn Borysenko,YouTube is being sued by its own employees for giving them PTSD. Why am I not surprised?,Get videos ad-free by joining me on Locals: https://kb.locals.com Read the article: https://www.theverge.com/2020/9/22/21450477/youtube-content-moderator-sues-lawsuit-ptsd-graphic-content-exposure Ways to support my channel: 1) Subscribe and turn on your notifications! 2) Give this video a thumbs up 3) Join my Locals for ad-free videos and exclusive supporter content: https://kb.locals.com/support You can also financially support my work on SubscribeStar and PayPal: SubscribeStar: http://www.subscribestar.com/karlyn PayPal: https://www.drkarlyn.com/donate 4) Get some fun merch: https://teespring.com/stores/karlyn Contact me: https://www.drkarlyn.com/contact Alt-Tech: Locals: https://kb.locals.com Parler: http://www.parler.com/profile/karlyn/posts Gab: http://www.gab.com/karlyn Minds: http://www.minds.com/karlyn Other ways to connect with me: Personal: http://www.drkarlyn.com Work/Business: http://www.zenworkplace.com Twitter: http://www.twitter.com/drkarlynb Facebook: http://facebook.com/drkarlynb LinkedIn: http://www.linkedin.com/in/karlynborysenko,Youtube,News & Politics,18817,3919,13,782,4714,
14,,CNBC Television,Facebook CEO Mark Zuckerberg fends his decision on content moderation amid employee outrage,"Facebook CEO Mark Zuckerberg is used to facing irate lawmakers, but now he's facing outraged employees over company policies and he's defending his actions. CNBC's Julia Boorstin reports. Facebook CEO Mark Zuckerberg on Tuesday told employees that he was standing firm in the company__ decision not to moderate a post in which President Donald Trump said __hen the looting starts, the shooting starts._ Zuckerberg announced this to employees during a virtual all-hands meeting on Tuesday, according to The New York Times. The decision comes despite public criticism from dozens of employees, many of whom argue that the post from Trump violates Facebook__ community standards, which prohibit language that incites serious violence. Brandon Dail, a Facebook user interface engineer, tweeted on Tuesday in criticism of Facebook__ leaders. Zuckerberg__ decision not to moderate the post is in contrast to that of rival Twitter, which placed a label warning users about the president__ violent rhetoric, which they have to dismiss before they can view the tweet. Twitter is also preventing users from liking or retweeting the tweet. Aside from criticism of the decision, at least two Facebook employees posted on social media that they were leaving the company as a result of the refusal to moderate Trump. __ cannot stand by Facebook__ continued refusal to act on the president__ bigoted messages aimed at radicalizing the American public,_ software engineer Timothy Aveni posted on LinkedIn. Others in the tech industry also criticized the company for its inaction. Data scientist Ayodele Odubela on Tuesday tweeted a screenshot of her response to a Facebook recruiter, saying she refused to work for a company with policies that she fundamentally disagrees with. __our CEO refuses to do anything about the hate speech and violence glorified by our __resident_ on Facebook,_ she wrote. Facebook has also been criticized by at least two of its partners. After speaking with Zuckerberg and Facebook COO Sheryl Sandberg on Monday, Color of Change President Rashad Robinson tweeted that he was __isappointed and stunned by his incomprehensible explanations for allowing Trump__ incitement of violence against Black people to remain up._ Color of Change is a racial justice organization that has been working with Facebook on a civil rights audit of the social network. __f regular citizens can get removed from social media sites for inciting violence ... we have to have a standard for the most powerful person in the world whose harassments and attacks can lead to the deep levels of violence that we know,_ Robinson told CNBC. Talkspace, a company that provides online therapy, on Monday announced that it was ending a partnership agreement with Facebook after the company__ decision not to moderate Trump__ post. For access to live and exclusive video from CNBC subscribe to CNBC PRO: https://cnb.cx/2JdMwO7 ¬ª Subscribe to CNBC TV: https://cnb.cx/SubscribeCNBCtelevision ¬ª Subscribe to CNBC: https://cnb.cx/SubscribeCNBC ¬ª Subscribe to CNBC Classic: https://cnb.cx/SubscribeCNBCclassic Turn to CNBC TV for the latest stock market news and analysis. From market futures to live price updates CNBC is the leader in business news worldwide. Connect with CNBC News Online Get the latest news: http://www.cnbc.com/ Follow CNBC on LinkedIn: https://cnb.cx/LinkedInCNBC Follow CNBC News on Facebook: https://cnb.cx/LikeCNBC Follow CNBC News on Twitter: https://cnb.cx/FollowCNBC Follow CNBC News on Instagram: https://cnb.cx/InstagramCNBC #CNBC #CNBC TV",Facebook,News & Politics,11596,107,27,88,222,
15,individual,Takedownman,The Hidden Internet- Deep Web- Dark Content,"This video is for educational purposes ONLY! This right here is a very strange video I found on an index site! I thought it was kind of interesting as well so I thought I would share it here. This person is telling a story of being a content moderator. It goes through all the great and horrifying things one would run into being one! Help keep this channel going! https://www.paypal.me/Takedownman You can also donate Bitcoins: 1DcS3FqkTjVLGnWTiThosxdXuyDh1oMFbS Also I have a Patreon! https://www.patreon.com/takedownman You can also help like being sure to thumbs up and share my content! Be sure to also subscribe and to click the bell net to the ""Subscribe"" button! Click the to to get notified! If enough money gets raised I will quit putting ads on my videos as well! I am looking to get this account fully running on fan funding alone! Hopefully one day we can reach this goal! Disclaimer: The information on this video is solely for entertainment purposes only. It is not intended to encourage or teach you to break the law, that's what TV is for. The creator(s) of this channel will not be held liable for anything you choose to do with the information contained on this video. If you want to learn how to rape, murder, loot, and commit acts of terror on a monumental scale, well, you won't find it here. Instead, tune-in to your nightly news and take a lesson from your ""elected"" ""leaders"". Also remember believe only half of what you see and NONE of what you hear! ;) Remember this and you will be fine on this channel! #Deepweb #Darkweb #Education #Science #Tech #Takedownman",not mention,Science & Technology,11474,240,26,127,393,
16,,RT,You see death every day': Ex-Facebook content moderator sues tech giant for PTSD,"A former Facebook content moderator is taking the company to court, alleging that his work caused him to develop post-traumatic stress disorder. He claims the 'psychological damage' was caused by 'viewing hundreds of violent and obscene videos' every day, without any proper training. Subscribe to RT! https://www.youtube.com/channel/UCpwvZwUam-URkxB7g4USKpg?sub_confirmation=1 RT LIVE https://www.youtube.com/watch?v=IFAcqaNzNSc Check out http://rt.com Like us on Facebook http://www.facebook.com/RTnews Follow us on VK https://vk.com/rt_international Follow us on Twitter http://twitter.com/RT_com Follow us on Instagram http://instagram.com/rt Follow us on Soundcloud https://soundcloud.com/rttv #RT (Russia Today) is a global #news network broadcasting from Moscow, London, Paris and Washington studios to over 100 countries. RT is the first news channel to break the 1 billion YouTube views benchmark.",Facebook Lpl,News & Politics,11097,439,16,243,698,
17,,TomoNews US,The sad life of Facebook content moderators - TomoNews,"AUSTIN, TEXAS _ An investigation by The Verge sheds a light on the working conditions of Facebook content moderators. SOURCES: The Verge, Motherboard, Wired, Bloomberg https://www.theverge.com/2019/2/25/18229714/cognizant-facebook-content-moderator-interviews-trauma-working-conditions-arizona https://motherboard.vice.com/en_us/article/xwk9zd/how-facebook-content-moderation-works https://www.bloomberg.com/news/articles/2019-02-25/facebook-grappling-with-employee-anger-over-moderator-conditions Our favorite VPN: Private Internet Access _∫‚_http://bit.ly/TomoNewsVPN Stuff we use to make TomoNews _∫‚_https://www.amazon.com/shop/tomonewsus TomoNews is your best source for real news. We cover the funniest, craziest and most talked-about stories on the internet. If you__e laughing, we__e laughing. If you__e outraged, we__e outraged. We tell it like it is. And because we can animate stories, TomoNews brings you news like you__e never seen before. Top TomoNews Stories - The most popular videos on TomoNews! http://bit.ly/Top_TomoNews_Stories You Idiot! - People doing stupid things http://bit.ly/You-Idiot Recent Uploads - The latest stories brought to you by TomoNews http://bit.ly/Latest-TomoNews Ultimate TomoNews Compilations - Can't get enough of TomoNews? This playlist is for you! New videos every day http://bit.ly/Ulitmate_TomoNews_Compi... Thanks for watching TomoNews! Like TomoNews on Facebook _∫‚_ http://www.facebook.com/TomoNewsUS Follow us on Twitter _∫‚_ @tomonewsus http://www.twitter.com/TomoNewsUS Follow us on Instagram _∫‚_ @tomonewsus http://instagram.com/tomonewsus Subscribe to TomoNews _∫‚_ http://bit.ly/Subscribe-to-TomoNews Watch more TomoNews _∫‚_ http://bit.ly/MoreTomoNews Visit our website for all the latest videos: http://us.tomonews.com Check out our Android app: http://bit.ly/1rddhCj Check out our iOS app: http://bit.ly/1gO3z1f Get top stories delivered to your inbox every day: http://bit.ly/tomo-newsletter",Facebook,Entertainment,10789,178,24,74,276,
18,,Arte TRACKS,Doku the Cleaners: die traumatische Arbeit der Content Moderators | Arte TRACKS,"Wer r√§umt eigentlich den M√ºll des Internets auf? Das erkundet der Film __he Cleaners_, der gerade auf dem Sundance Film Festival Premiere feierte. In Manila auf den Philippinen wird all das gesichtet und gel√∂scht, was gegen die Richtlinien der Sozialen Netzwerke verst√∂_t. In einer geheimen Schattenwirtschaft, die offiziell gar nicht existiert, Vvn Menschen, die offiziell f√ºr kein amerikanisches Unternehmen arbeiten _ den sogenannten __ontent Moderators_. Den Dokumentarfilm __he Cleaners_ gibt es ab 17. Mai in deutschen Kinos zu sehen und am 17. Juli bei ARTE. *************************************** _ TRACKS auf YouTube abonnieren: http://bit.ly/tracks-abonnieren _ FACEBOOK: http://facebook.com/tracksarte _ INSTAGRAM: http://instagram.com/artetracks _ TRACKS _ Ganze Folgen & alle Videos: http://tracks.arte.tv",not mention,Entertainment,10794,119,1,13,133,
19,,GMA News,"BT: Ilang online content moderator, aminadong apektado ang kanilang mental health dahil...","Ilang online content moderator, aminadong apektado ang kanilang mental health dahil sa kanilang mga trabaho Balitanghali is the daily noontime newscast of GMA News TV anchored by Raffy Tima and Pia Arcangel. It airs Mondays to Fridays at 11:30 AM (PHL Time). For more videos from Balitanghali, visit http://www.gmanews.tv/balitanghali. For Kapuso abroad, subscribe to GMA Pinoy TV (http://www.gmapinoytv.com/) for GMA programs. GMA promotes healthy debate and conversation online. Any abusive language that does not facilitate productive discourse will be blocked from this post. GMA upholds ethical standards of fairness, objectivity, accuracy, transparency, balance and independence. Walang Kinikilingan, Walang Pinoprotektahan, Serbisyong totoo lamang. #GMANews Subscribe to the GMA News channel: https://www.youtube.com/user/gmanews Visit the GMA News and Public Affairs Portal: http://www.gmanews.tv Connect with us on: Facebook: http://www.facebook.com/gmanews Twitter: http://www.twitter.com/gmanews Instagram: http://www.instagram.com/gmanews",Facebook Youtube Twitter,News & Politics,9475,66,4,75,145,
20,,Y-zwei,Q&A I Ich losche brutalen Content! I Y-Kollektiv,"Viele Fragen haben uns zu der Reportage ""Ich l√∂sche brutalen Content!"" von Leonie Sontheimer erreicht. In diesem Q&A auf Y-zwei geht sie auf einige ein. Zum Beispiel: Was k√∂nnten L√∂sungsans√§tze f√ºr die schwierige Arbeit der Content-Moderator*innen sein? ------------ Link zur Reportage: https://youtu.be/umafqnmvRsY ------------ Thema des Films: Triggerwarnung vorab: Im folgenden Film geht es in Ausz√ºgen um Tierqu√§lerei, Misshandlung, Kinderpornografie, Suizid-Gedanken und Depressionen. Falls Ihr davon selbst betroffen seid oder Erfahrungen damit gemacht habt und Hilfe ben√∂tigt, findet Ihr Informationen zu Beratungsstellen weiter unten in der Infobox. Jede Minute werden √ºber acht Stunden Videomaterial auf YouTube hochgeladen. Darunter auch h√∂chst verst√∂render und illegaler Content: Kindesmissbrauch, Tierqu√§lerei, Folter. Damit Nutzer*innen von den krassesten Bildern verschont bleiben, gibt es sogenannte Content Moderator*innen. Sie sichten im Auftrag der gro_en Plattformen Videos und Fotos und entscheiden, was gel√∂scht wird. Auch in Deutschland machen Menschen diese Arbeit. Manche Content Moderator*innen, auch Cleaner genannt, zerbrechen unter der psychischen Belastung. Reporterin Leonie Sontheimer hat √ºber ein halbes Jahr mit zehn Content Moderator*innen gesprochen und zwei vor der Kamera interviewt. Sie treten nur anonym auf, denn eigentlich haben sie sich vertraglich dazu verpflichtet, nichts von ihrem Job zu erz√§hlen. Doch nicht alle Content Moderator*innen halten sich an die Verschwiegenheitserkl√§rungen. Chris Gray, der in Irland Facebook-Content gepr√ºft hat, ist an die _ffentlichkeit gegangen und fordert vor Gericht Schmerzensgeld. Auch mit ihm spricht Leonie in diesem Beitrag. Was macht dieser Job mit den Menschen? Wie gehen sie mit den Bildern um, die sie tagt√§glich sehen? ------------ Du m√∂chtest ein Thema vorschlagen? Schreib uns: kommentare@y-kollektiv.de ------------ Wir sind das Y-Kollektiv! - ein Netzwerk von jungen JournalistInnen. In unseren Web-Reportagen zeigen wir die Welt, wie wir sie erleben. Recherche machen wir transparent. _ Hier kannst Du uns ABONNIEREN: https://goo.gl/8yBDdh _ FACEBOOK: https://www.facebook.com/YKollektiv/ _ TWITTER: https://twitter.com/Y_Kollektiv ------------ _ #ykollektiv geh√∂rt zu #funk: YouTube: http://youtube.com/funkofficial funk Web-App: http://go.funk.net Facebook: https://www.facebook.com/funk/ _ Eine Produktion der sendef√§hig GmbH http://facebook.com/sendefaehig // http://sendefaehig.com",Youtube Tiktok Facebook Twitter,People & Blogs,8052,322,18,159,499,
21,individual,Hitesh Choudhary,What if you get a job of youtube/facebook moderator,"The job of a moderator is not easy. Image sitting all day and watching hate, pure hate. But this is a real job at Facebook and definitely at youtube, twitter and other places too. These jobs are usually outsourced to a variety of companies. Indian students are mostly aware of these companies as they mass recruit in lots of engineering colleges, without giving a damn about your skills because they know, that job can be done by anyone. These students are just afraid of life n being jobless, so they will do it. Link of the verge video, mentioned in the video is in the first comment, pinned. Link to my programming Video Library: https://courses.LearnCodeOnline.in Pick best UI color for your projects: https://UIColorPicker.com Desktop: https://amzn.to/2GZ0C46 Laptop that I use: https://amzn.to/2Goui9Q Wallpaper: https://imgur.com/a/FYHfk Facebook: https://www.facebook.com/HiteshChoudharyPage Instagram: https://instagram.com/hitesh0141 homepage: http://www.hiteshChoudhary.com Download LearnCodeOnline.in app from Google play store and Apple App store Disclaimer: It doesn't feel good to have a disclaimer in every video but this is how the world is right now. All videos are for educational purpose and use them wisely. Any video may have a slight mistake, please take decisions based on your research. This video is not forcing anything on you. All Amazon links are affiliate links (If any).",Youtube Facebook,Science & Technology,7970,492,8,156,656,
22,individual,Crime Talk,FACEBOOK MODERATOR INTERVIEW Your Content Is In Their Hands.,"Facebook Moderator Interview with a former employee who chose to remain anonymous. Look inside the job that nothing can prepare you to do. Scott Reisch hosts Crime Talk. A criminal trial attorney for 24 years discusses, legal issues, the Constitution, and hosts guests regarding trending issues. Website: www.scottreisch.com The Reisch Law Firm, LLC: http://reischlawfirm.com/ Store: https://teespring.com/stores/scottreischcom-3 Podcast: http://voirdire.libsyn.com/ Facebook: https://www.facebook.com/crimetalkafficianado Twitter: @scotreischesq Instagram: CrimeTalkWithScottReisch voirdirepodcast All clips used for fair use commentary, criticism, and educational purposes. See Hosseinzadeh v. Klein, 276 F.Supp.3d 34 (S.D.N.Y. 2017) Equals Three, LLC v. Jukin Media, Inc., 139 F. Supp. 3d 1094 (C.D. Cal. 2015). Typical legal disclaimer from a lawyer (occupational hazard): This is not legal advice, nor can I give you legal advice. Sorry! Everything here is for informational purposes only and not for the purpose of providing legal advice. You should contact your attorney to obtain advice with respect to any particular issue or problem. Nothing here should be construed to form an attorney client relationship. Also, some of the links in this post may be affiliate links, meaning, at no cost to you, I will earn a small commission if you click through and make a purchase. But if you click, it really helps me make more of these videos! Where To Send Items: 1490 West 121st Ave., Suite 202 Denver, CO 80234",Facebook,Entertainment,7215,925,13,295,1233,
23,,Al Jazeera English,Facebook and the ethics of moderation - The Listening Post,"The Listening Post - Facebook and the ethics of moderation On The Listening Post this week: With two billion users and 1.3 million posts a minute Facebook's content moderation challenges are huge. Plus, the people monitoring and moderating the social web. Facebook's status: Tech or media company? This week, the British newspaper The Guardian revealed hundreds of internal Facebook documents that outline the site's ground rules for content moderators. From violence to racism, revenge porn to child abuse - the picture that emerges is one of a company struggling with its responsibilities as a media platform and how to cope with more 1.3 million posts per minute, in multiple languages. Contributors: Alex Hazlett, deputy managing editor, Mashable Olivia Solon, senior technology reporter, Guardian US Jennifer Pybus, senior lecturer, London College of Communication Richard Millington, founder, FeverBee Natasha Tiku, silicon valley reporter, Wired More from The Listening Post on: YouTube - http://aje.io/listeningpostYT Facebook - http://facebook.com/AJListeningPost Twitter - http://twitter.com/AJListeningPost Website - http://aljazeera.com/listeningpost",Facebook,Entertainment,7173,77,7,8,92,
24,,The Agenda with Steve Paikin,Moderating Social Media,"Far behind the scenes at some of the most popular social media websites, an invisible army is hard at work keeping content safe for the public. Experts scour YouTube videos, view Instagram photos and read Facebook posts. Sarah Roberts, assistant professor in the faculty of information studies at Western University, is one of a handful of people in the world who study commercial content moderation. She joins The Agenda to shed a light on these unseen workers.",Youtube Instagram Facebook,Education,6362,85,23,30,138,
25,,RT,Former Facebook moderators reveal __nbearable_ workplace,A media report revealed that #Facebook #content #moderators have to work under constant stress and suffer from the toll the grueling job takes on them. An RT panel looks at whether external oversight of the company is the solution. READ MORE: https://on.rt.com/9ws0 RT LIVE https://www.youtube.com/watch?v=IFAcqaNzNSc Check out http://rt.com Subscribe to RT! http://www.youtube.com/subscription_center?add_user=RussiaToday Like us on Facebook http://www.facebook.com/RTnews Follow us on VK https://vk.com/rt_international Follow us on Twitter http://twitter.com/RT_com Follow us on Instagram http://instagram.com/rt Follow us on Google+ http://plus.google.com/+RT Follow us on Soundcloud https://soundcloud.com/rttv #RT (Russia Today) is a global #news network broadcasting from Moscow and Washington studios. RT is the first news channel to break the 1 billion YouTube views benchmark.,Facebook,News & Politics,6006,225,19,84,328,
26,,Washington Post,"Philippine workers are on the front lines of the battle to keep the Internet safe, but at what cost?",Silicon Valley correspondent Elizabeth Dwoskin speaks about The Washington Post's investigation into job conditions for content moderators in the Philippines. Read more: https://wapo.st/2K5X9m8. Subscribe to The Washington Post on YouTube: https://wapo.st/2QOdcqK Follow us: Twitter: https://twitter.com/washingtonpost Instagram: https://www.instagram.com/washingtonpost/ Facebook: https://www.facebook.com/washingtonpost/,Facebook Youtube Twitter,Science & Technology,5694,169,7,30,206,
27,,CBS News,Emotional toll of online content moderation,"Google and YouTube have content moderators working around the clock to scrub the platforms of violent and disturbing content. However, the job has some serious consequences, even PTSD. Silicon Valley editor at The Verge, Casey Newton, joined CBSN to discuss what he learned while investigating the emotional toll of content moderation at Google and YouTube. Subscribe to the CBS News Channel HERE: http://youtube.com/cbsnews Watch CBSN live HERE: http://cbsn.ws/1PlLpZ7 Follow CBS News on Instagram HERE: https://www.instagram.com/cbsnews/ Like CBS News on Facebook HERE: http://facebook.com/cbsnews Follow CBS News on Twitter HERE: http://twitter.com/cbsnews Get the latest news and best in original reporting from CBS News delivered to your inbox. Subscribe to newsletters HERE: http://cbsn.ws/1RqHw7T Get your news on the go! Download CBS News mobile apps HERE: http://cbsn.ws/1Xb1WC8 Get new episodes of shows you love across devices the next day, stream CBSN and local news live, and watch full seasons of CBS fan favorites like Star Trek Discovery anytime, anywhere with CBS All Access. Try it free! http://bit.ly/1OQA29B --- CBSN is the first digital streaming news network that will allow Internet-connected consumers to watch live, anchored news coverage on their connected TV and other devices. At launch, the network is available 24/7 and makes all of the resources of CBS News available directly on digital platforms with live, anchored coverage 15 hours each weekday. CBSN. Always On.",Youtube,News & Politics,4496,55,23,31,109,
28,,Bloomberg Technology,Facebook Employees Angry Over Content Moderator Conditions,"Feb.26 -- Facebook Inc. has added about 15,000_content reviewers, almost all of_whom work not for Facebook_itself, sparking concern from some full-time employees. Bloomberg's Sarah Frier has more on ""Bloomberg Technology.""",Facebook,News & Politics,3883,53,15,7,75,
29,,CBS News,"Facebook's content moderators in Florida endure horrific conditions, report says","Casey Newton, a Silicon Valley editor for The Verge, joins CBSN's Reena Ninan to discuss his new article on the horrific work conditions faced by Facebook's content moderators who work as contractors. (Warning: This video contains content some may deem graphic and violent). Subscribe to the CBS News Channel HERE: http://youtube.com/cbsnews Watch CBSN live HERE: http://cbsn.ws/1PlLpZ7 Follow CBS News on Instagram HERE: https://www.instagram.com/cbsnews/ Like CBS News on Facebook HERE: http://facebook.com/cbsnews Follow CBS News on Twitter HERE: http://twitter.com/cbsnews Get the latest news and best in original reporting from CBS News delivered to your inbox. Subscribe to newsletters HERE: http://cbsn.ws/1RqHw7T Get your news on the go! Download CBS News mobile apps HERE: http://cbsn.ws/1Xb1WC8 Get new episodes of shows you love across devices the next day, stream CBSN and local news live, and watch full seasons of CBS fan favorites like Star Trek Discovery anytime, anywhere with CBS All Access. Try it free! http://bit.ly/1OQA29B --- CBSN is the first digital streaming news network that will allow Internet-connected consumers to watch live, anchored news coverage on their connected TV and other devices. At launch, the network is available 24/7 and makes all of the resources of CBS News available directly on digital platforms with live, anchored coverage 15 hours each weekday. CBSN. Always On.",Facebook,News & Politics,3840,80,16,38,134,
30,,TEDx Talks,Content moderators: the gatekeepers of social media | Gianluca Demartini | TEDxUQ,"While scrolling through social media, have you ever stopped to think if anyone is filtering the content you are seeing? That is the job of a content moderator. Content moderators spend countless hours sifting through online material to protect us from the worst of what the internet has to offer, but they are often underpaid and poorly represented. Content moderators are in need of our protection too. Dr Gianluca Demartini is a Senior Lecturer in Data Science at The University of Queensland in the School of Information Technology and Electrical Engineering. He has published more than 100 peer-reviewed scientific publications, including papers at major venues for research on the Web, Human-Computer Interaction, Information Retrieval, Semantic Web, and Human Computation. Before joining The University of Queensland, he was a lecturer at The University of Sheffield in the UK, and a post-doctoral researcher at the eXascale Infolab at The University of Fribourg in Switzerland. Gianluca was also a visiting researcher at UC Berkeley, a junior researcher at the L3S Research Centre in Germany, and an intern at Yahoo! Research in Spain. In 2011, he obtained a PhD in Computer Science at The Leibniz University of Hanover in Germany focusing on Semantic Search. In his talk, Gianluca will discuss a new type of job _ data annotators _ that has been emerging from the growing popularity of Artificial Intelligence. This talk was given at a TEDx event using the TED conference format but independently organized by a local community. Learn more at https://www.ted.com/tedx",YouTube Amazon Facebook,Nonprofits & Activism,2861,82,5,9,96,
31,,Aaj Tak,Content Moderator: FB-____ ____ _________ __ _____ __ ____ ____,"‡§_‡§_§∞‡§®‡‡§ ‡§§∞ ‡§∞‡‡§_§æ‡§®‡§æ ‡§π‡‡§æ‡§∞‡•_ ‡§_‡§_‡§ ‡§°‡§æ‡§≤‡ ‡§_§æ‡§§‡ ‡§π‡‡§. ‡§_§∏‡§‡§ ‡§_‡§ ‡§_‡•_‡§ ‡§π‡‡§§‡§æ, ‡§_‡§ ‡§‡§∞‡§æ ‡§§‡ ‡§_‡§ ‡§®‡‡§≤‡ ‡§ ‡§∂‡§æ‡§§ø‡§ ‡§π‡‡§§‡§æ ‡§π‡. ‡§_§∏‡• ‡§∏‡§æ‡§‡•_§∞‡• ‡§_ ‡§_§™‡§®‡ ‡§µ‡‡§§∏‡§æ‡‡§ ‡§∏‡ ‡§π‡‡§æ‡§®‡• ‡§_ ‡§≤‡§ø‡§ ‡§ ‡§¶‡‡§ ‡§∞‡‡§®‡ ‡§_ ‡§_§æ‡§§‡§ø‡§ ‡§‡§∏‡§¨‡•_ ‡§_§∞ ‡§_‡§_§≤ ‡§_‡§∏‡ ‡§_ ‡§_‡§§®‡§ø‡§Ø‡§æ‡ ‡§_‡§_‡§_ ‡§‡§°‡§∞‡•_‡§∞‡‡§ ‡§_ ‡§∏‡§π‡§æ‡§Ø‡§§‡§æ ‡§≤‡‡§§‡ ‡§π‡‡§. ‡§‡§°‡§ø‡§§æ ‡§∞‡§ø‡§‡§∞‡‡§_‡§ ‡§‡§ ‡§_§∏‡• ‡§_§¨‡§∞‡‡§ ‡§_§≤ ‡§∞‡§π‡• ‡§π‡‡§ ‡§_§ø ‡§‡§∏‡§¨‡•_ ‡§§°‡§º‡ ‡§∏‡‡§_‡§§æ ‡§‡§ ‡§_‡§®‡‡§_‡§_ ‡§‡§°‡§∞‡•_‡§∞‡‡§ ‡§_ ‡§§∞‡•_§§‡• ‡§_§∞‡§®‡ ‡§_§æ ‡§∞‡§π‡§ ‡§π‡. ‡§§§‡§æ‡§Ø‡§ ‡§_§æ ‡§∞‡§π‡§ ‡§π‡ ‡§_§ø ‡§_§®‡§_ ‡§§¶‡§ ‡§∏‡ ‡§‡§∏‡§¨‡•_ ‡§_§™‡§®‡ ‡§‡§≤‡‡§_§´‡•_§∞‡•_§Æ ‡§_ ‡§®‡‡§≤‡ ‡§_§∞ ‡§‡§ ‡§_‡§_‡§_ ‡§∏‡ ‡§∏‡‡§∞‡‡•_§∑‡§ø‡§§ ‡§∞‡‡§®‡§æ ‡§_§æ‡§π‡§§‡§ ‡§π‡. ___ About Channel: ‡§_ ‡§§‡ ‡§§æ‡§∞‡§§ ‡§_§æ ‡§∏‡§∞‡•_§µ‡§∂‡‡§∞‡‡§∑‡‡§ ‡§π‡§ø‡§_§¶‡• ‡§®‡__§Ø‡•_ ‡§_‡§®‡§≤ ‡§π‡ ‡• ‡§_ ‡§§‡ ‡§®‡__§Ø‡•_ ‡§_‡§®‡§≤ ‡§∞‡§æ‡§_§®‡•‡§§‡§ø, ‡§§®‡•_§∞‡§_‡§, ‡§‡§≤‡‡§µ‡‡§, ‡§µ‡‡§§æ‡§§æ‡§ ‡§_§∞ ‡§_‡§ ‡§‡§ ‡§®‡§µ‡•‡§®‡§§‡§ ‡§∏‡§Æ‡§æ‡‡§æ‡§∞‡•_ ‡§_ ‡§∂‡§æ‡§§ø‡§ ‡§_§∞‡§§‡§æ ‡§π‡‡• ‡§_ ‡§§‡ ‡§®‡__§Ø‡•_ ‡§_‡§®‡§≤ ‡§_ ‡§≤‡§æ‡§_§µ ‡§_§¨‡§∞‡‡§ ‡§_§µ‡§ ‡§‡§∞‡‡§_§ø‡§_ ‡§®‡‡§‡§ ‡§_ ‡§≤‡§ø‡§ ‡§§®‡• ‡§∞‡§π‡•_ ‡• Aaj Tak is India's best Hindi News Channel. Aaj Tak news channel covers latest news in politics, entertainment, Bollywood, business and sports. Stay tuned for all the breaking news in Hindi ! Subscribe To Our Channel: http://bit.ly/2xTASBc Official website: https://aajtak.intoday.in/ Like us on Facebook http://www.facebook.com/aajtak Follow us on Twitter http://twitter.com/aajtak Subscribe to our other network channels: The Lallantop https://www.youtube.com/c/thelallantop India Today: http://www.youtube.com/channel/UCYPvAwZP8pZhSMW8qs7cVCw SoSorry: https://www.youtube.com/user/sosorrypolitoon Tez: http://www.youtube.com/user/teztvnews Dilli Aajtak: http://www.youtube.com/user/DilliAajtak",Facebook Youtube,News & Politics,2573,22,3,4,29,
32,,Firefox,Content Moderation & Disinformation Casey Newton (The Verge) and Clara Tsao,"Behind the scenes, in the U.S. and abroad, there is a vast human workforce of content moderators reviewing material that appears on or disappears from social media sites. At the same time, misinformation and disinformation are spreading via these platforms, with consequences for elections and democratic processes around the world. Casey Newton__ reporting in The Verge has exposed the working conditions of content moderators contracted by Facebook. Clara Tsao works on evaluating the effectiveness of online tools that have been developed to counter terrorist propaganda/disinformation, with the goal of evaluating the impact of tools mapped to terms of service and content enforcement policy. In this talk, Clara and Casey will discuss how social media companies make the most consequential decisions about what their users see and don__ see, and how they can consider the human toll it takes on those who do it.",Facebook Firefox Youtube,Science & Technology,2508,26,5,4,35,
33,,Journeyman Pictures,Behind The Scenes Of Facebook's Political Moderation Strategy | Promo | Inside Facebook,"Facebook is once more in the headlines, as the UK government accuses the platform of negligence in moderating extremist content and political influence campaigns. Channel 4's Inside Facebook is now available to buy or rent from video on demand platforms. Get it now on: Amazon Prime: http://a.co/4WHzltv iTunes: https://geo.itunes.apple.com/us/movie/inside-facebook-secrets-of-a-social-network/id1422798059?mt=6 Google Play: https://play.google.com/store/movies/details/Inside_Facebook_Secrets_of_a_Social_Network?id=d7lSFS387f4 Vimeo: https://vimeo.com/ondemand/insidefacebook Subscribe to Journeyman here: http://www.youtube.com/subscription_center?add_user=journeymanpictures For more information, visit https://www.journeyman.tv/film/7380 For similar stories, see: http://www.youtube.com/watch?v=abcdefghij Like us on Facebook: https://www.facebook.com/journeymanpictures Follow us on Twitter: https://twitter.com/JourneymanNews https://twitter.com/JourneymanVOD Follow us on Instagram: https://instagram.com/journeymanpictures Visit our subreddit: https://www.reddit.com/r/JourneymanPictures/ Say hi on tumblr: https://journeymanpictures.tumblr.com/ Firecrest Films LTD _ Ref. 7380",Facebook,News & Politics,2365,74,21,15,110,
34,individual,Ian Crossland,The secret life of a Facebook moderator,"Ian Crossland and Bill Ottman discuss a recent article, detailing Facebook's current moderation organization. Contractors are hired by Facebook, for low wage, and exposed to some of the darkest nature of humanity. How do we handle it at Minds? The full article can be found here: https://www.theverge.com/2019/2/25/18229714/cognizant-facebook-content-moderator-interviews-trauma-working-conditions-arizona Subscribe to us on Minds: www.minds.com/IanCrossland www.minds.com/Ottman",Facebook,People & Blogs,2332,29,5,15,49,
35,,WION,Facebook's content moderation guidelines exposed (WION Gravitas),"Facebook CEO Mark Zuckerberg recently announced his company's plans to hire 3000 employees to moderate content on the platform. But, after UK newspaper, The Guardian released reports on how Facebook moderates its content. Critics have called for more stringent regulations World is One News, WION examines global issues with in-depth analysis. We provide much more than the news of the day. Our aim is to empower people to explore their world. Subscribe to our channel at https://goo.gl/JfY3NI Check out our website: http://www.wionews.com Connect with us at our social media handles: Facebook: https://www.facebook.com/WIONews Twitter: https://twitter.com/WIONews Google Plus: https://plus.google.com/+WIONews",Facebook,News & Politics,2240,19,0,0,19,
36,,The Psych Show,Treat content moderators just like first responders,"Does Facebook content moderation put you at increased risk for developing vicarious trauma? Special thanks to Elizabeth S., Tyler D., Anna H., Arnt J., Collin P., Evan A., Imran M., Sam D., Ryan L., Sophie Y., Ahmed Y, Israel P., Neuro Transmissions, Eric E., Eve P., Lauren K., BrainCraft, Aaron F., Samuel H., Marisa H.,Tae T., Steve M.,, Bryan T., Nicky C., Samuel A., Anton T., Jennifer C., Shanda W., Saleem H. P., and Sri S. for making this episode possible! Learn how you can help me make The Psych Show and get exclusive behind the scenes access in return at https://www.Patreon.com/ThePsychShow. Topics discussed: * Vicarious trauma * Secondary trauma * Compassion Fatigue * Content Moderation * Content Moderators * Facebook * YouTube * Twitter Learn more: * The Verge: THE TRAUMA FLOOR - The secret lives of Facebook moderators in America: https://www.theverge.com/2019/2/25/18229714/cognizant-facebook-content-moderator-interviews-trauma-working-conditions-arizona * Motherboard: The Impossible Job: Inside Facebook__ Struggle to Moderate Two Billion People: https://motherboard.vice.com/en_us/article/xwk9zd/how-facebook-content-moderation-works * Radiolab: Post No Evil: https://www.wnycstudios.org/story/post-no-evil * The Verge: Moderating content doesn__ have to be so traumatic: https://www.theverge.com/2019/2/27/18243359/content-moderation-mental-health-ptsd-psychology-science-facebook * Dart Center: Working with Traumatic Imagery: https://dartcenter.org/content/working-with-traumatic-imagery * Dart Center: Handling Traumatic Imagery: Developing a Standard Operating Procedure: https://dartcenter.org/resources/handling-traumatic-imagery-developing-standard-operating-procedure Connect with Ali: Twitter _ http://twitter.com/alimattu Facebook _ http://www.facebook.com/thepsychshow Instagram _ http://instagram.com/alimattu Snapchat _ https://www.snapchat.com/add/alimattu Patreon _ https://www.patreon.com/thepsychshow Email _ ali@thepsychshow.com Website _ http://alimattu.com/ THE PSYCH SHOW! Creating mental health videos that educate, entertain, and empower! Produced, written, and edited by clinical psychologist Ali Mattu, Ph.D. All videos are provided for informational purposes only and do not constitute clinical advice. If you or someone you know needs help immediately, you should take one of the following actions: - call 9-1-1 in the United States or your country's emergency number: https://en.wikipedia.org/wiki/List_of... - call the Lifeline at 1-800-273 TALK (8255) in the United States or a global crisis hotlines: http://www.iasp.info/resources/Crisis... - text START to 741-741 in the United States or visit http://chat.suicidepreventionlifeline... - go to your nearest hospital emergency room",Facebook,Education,2179,132,3,27,162,
37,,GMA News,"SONA: Ilang content moderators ng social networking sites, nakakaranas ng traumatic stress","State of the Nation is a nightly newscast anchored by award-winning broadcast journalist, Jessica Soho. It airs Mondays to Fridays at 9:00 PM (PHL Time) on GMA News TV Channel 11. For more videos from State of the Nation, visit gmanews.tv/stateofthenation. For Kapuso abroad, subscribe to GMA Pinoy TV (http://www.gmapinoytv.com/) for GMA programs. GMA promotes healthy debate and conversation online. Any abusive language that does not facilitate productive discourse will be blocked from this post. GMA upholds ethical standards of fairness, objectivity, accuracy, transparency, balance and independence. Walang Kinikilingan, Walang Pinoprotektahan, Serbisyong totoo lamang. #GMANews Subscribe to the GMA News channel: https://www.youtube.com/user/gmanews Visit the GMA News and Public Affairs Portal: http://www.gmanews.tv Connect with us on: Facebook: http://www.facebook.com/gmanews Twitter: http://www.twitter.com/gmanews Instagram: http://www.instagram.com/gmanews",Facebook Youtube Twitter Instagram,News & Politics,1982,10,2,6,18,
38,individual,Matt Novak,Hidden camera investigation into Facebook's content moderation policies,"Aired on the ABC in Australia in August, 2018.",Facebook,News & Politics,1630,8,5,5,18,
39,,Yahoo Finance,Facebook agrees to $52 million settlement to workers who were content moderators,"Facebook agreed to compensate $52 million to its content moderators who developed PTSD and other mental health issues on the job. Yahoo Finance__ On The Move panel breaks down the latest developments. #Facebooklawsuit #Facebook #Facebooksettlement Subscribe to Yahoo Finance: https://yhoo.it/2fGu5Bb About Yahoo Finance: At Yahoo Finance, you get free stock quotes, up-to-date news, portfolio management resources, international market data, social interaction and mortgage rates that help you manage your financial life. Connect with Yahoo Finance: Get the latest news: https://yhoo.it/2fGu5Bb Find Yahoo Finance on Facebook: http://bit.ly/2A9u5Zq Follow Yahoo Finance on Twitter: http://bit.ly/2LMgloP Follow Yahoo Finance on Instagram: http://bit.ly/2LOpNYz",Facebook,News & Politics,1623,16,3,8,27,
40,individual,Pescatore,YouTube Causes PTSD?! - The Twisted World of Content Moderators | #PNN,"In todays video we discuss the #Verge's recent expose' on #Google Content Moderation & one very brave person who spoke out about the mental health of these HUMAN MODERATORS. The Verge's Casey Newton interviews Daisy Soderberg-Rivkin, an Ex-Google Corporate Moderator & @John Swan breaks it down Article: https://www.theverge.com/2019/12/16/21021005/google-youtube-moderators-ptsd-accenture-violent-disturbing-content-interviews-video Video: https://youtu.be/OqP-gde4M-Q Casey Newton on Twitter: https://twitter.com/CaseyNewton Daisy Soderberg-Rivkin on Twitter: https://twitter.com/DaisySRivkin Got tips on a story or just wanna stay in the know? Find us here! Join our Discord today _ https://discord.io/Pescatore Get juicy News FAST _ https://twitter.com/JoshPescatore Watch us LIVE _ https://www.twitch.tv/joshpescatore Here works too _ https://mixer.com/Pescatore Like the GRAM _ https://www.instagram.com/pescatore.news.network/ Delving Into #Drama Ep 11 NEWS TEAM: https://twitter.com/JoshPescatore https://twitter.com/JohnSwanYT https://twitter.com/toziervevo https://twitter.com/RichRoss07 https://twitter.com/OfficialAyStar https://twitter.com/SPazMnkE https://twitter.com/MaxPigeon3 https://twitter.com/uncutyt",Youtube,News & Politics,1532,73,17,29,119,
41,,Foiwe India,BBC News The hidden dangers of India's online content moderation,"Content moderators at Foiwe Info Global Solutions work 24/7 to ensure that your users get relevant and user friendly content every time they visit your site. Users across the globe are generating billions of Kilobytes of content and are publishing over the internet in various forms such as text, images, videos, blog posts, reviews, feedback etc. To safeguard your brand, it is important that these user generated contents on your website, forums or blogs are appropriate and managed well. When user generated contents are controlled efficiently, your online presence becomes more creditable amongst your users. Foiwe being a major player in the content moderation industry, invests lots of time and resources to help moderators excel in their career. Foiwe Info Global solutions' Moderators are working thanklessly on billions of kilobytes of data which online users generate in forms of image, text, videos, tweets etc to keep internet a safer place.",Facebook Instagram,Entertainment,1510,10,0,2,12,
42,,TWiT Tech Podcast Network,Worst Job in Tech: Facebook Moderator,"How to get PTSD for only $28,000 a year! Watch the full episode: https://twit.tv/twig497 Subscribe: https://twit.tv/subscribe For more products we recommend: https://twit.to/amazon About us: TWiT.tv is a technology podcasting network located in the San Francisco Bay Area with the #1 ranked technology podcast This Week in Tech hosted by Leo Laporte. Every week we produce over 30 hours of content on a variety of programs including Tech News Weekly, MacBreak Weekly, This Week in Google, Windows Weekly, Security Now, All About Android, and more. Follow us: https://twit.tv https://twitter.com/twit https://www.facebook.com/TWiTNetwork https://www.instagram.com/twit.tv",Facebook,Science & Technology,1285,28,3,2,33,
43,individual,aku,WOMAN WATCHED RED ROOM TYPE CONTENT (SUES YOUTUBE),"ex-content moderator sues YouTube and says she got depression and PTSD from watching dark web type of content. she is now suing youtube. _- Social Media - _ Instagram - https://www.instagram.com/akuwus/ _ Twitter - https://twitter.com/akuwus _ Twitch - http://www.twitch.tv/akuwus _ Snapchat - HeroicHX _ Discord: https://discord.gg/KQYfmve - Video Information - _ Everyone has their own taste when it comes to humour and satire. These videos are simply uploaded to entertain those who watch and is NOT intended to hurt others. Content on this channel is a mixture of satire, opinions, humour, reactions, technology and life experiences. Any opinion or reaction uploaded on this channel is not intended to be used in harm against other content creators. If you are offended by the satirical content or do you not find a subject comical, you have free will to not watch _ The images in this video are used in ways to help represent and/or understand a concept (see fair-use https://www.youtube.com/yt/copyright/fair-use.html). If you own any of these images, contact my business email and I will gladly credit you.",Youtube,Entertainment,1278,143,0,28,171,
44,,ENewsTrends,TikTok To Move Content Moderation Outside China,TikTok will reportedly stop using its China-based moderators for screening foreign content. They will instead be hiring moderators local to specific areas and opening a transparency center in Los Angeles. [____¥Ï_Î° ___Í≥µÎ___∏∞] Ï§_µ≠ Î∞___ Ïª__Ï∏ Í≤_¥Ï_ ______ _±Ì_,Tiktok,Education,1263,18,0,1,19,
45,,Mozilla,Content Moderation & Disinformation Casey Newton (The Verge) and Clara Tsao,"Behind the scenes, in the U.S. and abroad, there is a vast human workforce of content moderators reviewing material that appears on or disappears from social media sites. At the same time, misinformation and disinformation are spreading via these platforms, with consequences for elections and democratic processes around the world. Casey Newton__ reporting in The Verge has exposed the working conditions of content moderators contracted by Facebook. Clara Tsao works on evaluating the effectiveness of online tools that have been developed to counter terrorist propaganda/disinformation, with the goal of evaluating the impact of tools mapped to terms of service and content enforcement policy. In this talk, Clara and Casey will discuss how social media companies make the most consequential decisions about what their users see and don__ see, and how they can consider the human toll it takes on those who do it.",Facebook Firefox Youtube,Science & Technology,1192,14,1,2,17,
46,,Rappler,Documentary on Filipinos who moderate social media content,Follow Rappler for the latest news in the Philippines and across the globe. A documentary about Filipinos with the unenviable task of moderating content on social media will be screened at the 8th Human Rights Documentary Film Festival in Hong Kong. Story: https://www.rappler.com/entertainment/movies/213464-the-cleaners-human-rights-documentary-film-festival?utm_source=YouTube&utm_medium=referral&utm_campaign=Inhouse_video&utm_campaign=entertainment,not mention,News & Politics,1078,10,0,,10,
47,,netzpolitik_org,Herausforderung Content Moderation (Follow-Up von THE CLEANERS),"Auf der f√ºnften ""Das ist Netzpolitik!""-Konferenz am 21. September 2018 hat der Regisseur Hans Block mit Alexander Fanta von netzpolitik.org √ºber den Film The Cleaners und die Arbeit und Content-Moderatoren auf PLattformen wie Facebook oder Youtube geredet. ""Im Dokumentarfilm von Hans Block und Moritz Riesewieck geht es um Content-Moderatoren auf den Philippinen. Sie berichten als Whistleblower √ºber ihre Arbeit bei unbekannten Outsourcing-Unternehmen, die f√ºr die gro_en Auftraggeber wie Facebook Inhalte moderieren. Einer der beiden Regisseur, Hans Block, diskutiert mit uns √ºber die Recherchen und die Hintergr√ºnde. Er berichtet von dem internationalen Feedback und den Screenings vor deutschen und europ√§ischen Politikern. Wie k√∂nnen die Herausforderungen eines globalen Netzwerks gemeistert werden?""",Facebook Youtube Twitter,Education,1028,14,0,0,14,
48,,TWiT Tech Podcast Network,Facebook's 'Supreme Court' for Content Moderation,"Denise Howell talks to St. John's University School of Law Assistant Professor Kate Klonick about_why Facebook is working on implementing an independent body to oversee appeals about content moderation decisions. For the full episode, go to https://twit.tv/tri/382 Host: Denise Howell Guest: Kate Klonick You can find more about TWiT and subscribe to our full shows at https://twit.tv/shows/ Subscribe: https://twit.tv/subscribe Products we recommend: https://twit.to/amazon About us: TWiT.tv is a technology podcasting network located in the San Francisco Bay Area with the #1 ranked technology podcast This Week in Tech hosted by Leo Laporte. Every week we produce over 30 hours of content on a variety of programs including Tech News Weekly, Security Now, The New Screen Savers, MacBreak Weekly, This Week in Google, Windows Weekly, All About Android, and more. Follow us: https://twit.tv/ https://twitter.com/TWiT https://www.facebook.com/TWiTNetwork https://www.instagram.com/twit.tv/",Facebook,Science & Technology,897,23,11,6,40,
49,,TowCenter,"The Ethics of Social Platforms and Content Moderation (Feb. 23, 2018) Part 2/2",,not mention,News & Politics,879,4,0,0,4,
50,,towlie2110 lol,YouTube Sued by Content Moderators Over PTSD,"(I do commentary on News and Videos I find online, I do not own any of the videos I present, whenever possible I will link them below) Links: https://www.cnet.com/news/ex-content-moderator-sues-youtube-claims-job-led-to-ptsd-symptoms-and-depression/ LiveStream at 6pm on Thursday Sep 24 here and on YouNow: https://watch.younow.com/llOD/ClownWorldNews (registering for younow supports this channel) If you enjoy this content you can support me at the Clown World News Patreon: https://www.patreon.com/ClownWorldNews You can also support with donations at: Cashapp: $towlie2110 or Venmo @benjamintowels or paypal.me/benjamintowels Share any related youtube channel in my comments so I can check them out and extend the network of Patriot information gatherers. and if you'd like to follow me on Instagram my IG is @benjamin.towels (But my IG is mostly my martial arts tricking content) ~ Love is the Motive forever",Youtube,News & Politics,864,95,1,73,169,